id,timestep,consumption_eur,consumption_sib,price_eur,price_sib
1,2006-09-01 00:00,62341.0,17916.0,275.22,0.0
2,2006-09-01 01:00,60625.0,17467.0,0.0,0.0
3,2006-09-01 02:00,59685.0,17161.0,0.0,0.0
4,2006-09-01 03:00,59500.0,17061.0,0.0,0.0
5,2006-09-01 04:00,60617.0,17074.0,0.0,0.0
6,2006-09-01 05:00,62262.0,17273.0,29.96,0.0
7,2006-09-01 06:00,64503.0,17625.0,343.73,0.0
8,2006-09-01 07:00,68316.0,18074.0,440.01,0.0
9,2006-09-01 08:00,71802.0,18698.0,462.64,0.0
10,2006-09-01 09:00,73390.0,19195.0,471.93,0.0
11,2006-09-01 10:00,73814.0,19482.0,485.33,0.0
12,2006-09-01 11:00,73548.0,19525.0,469.21,0.0
13,2006-09-01 12:00,72991.0,19353.0,486.96,0.0
14,2006-09-01 13:00,73472.0,19293.0,548.62,0.0
15,2006-09-01 14:00,73072.0,19355.0,546.23,0.0
16,2006-09-01 15:00,72058.0,19308.0,545.57,0.0
17,2006-09-01 16:00,71257.0,19143.0,549.21,0.0
18,2006-09-01 17:00,70177.0,19088.0,497.24,0.0
19,2006-09-01 18:00,69913.0,19095.0,432.99,0.0
20,2006-09-01 19:00,70752.0,19134.0,444.95,0.0
21,2006-09-01 20:00,72906.0,19421.0,458.19,0.0
22,2006-09-01 21:00,72680.0,19767.0,472.21,0.0
23,2006-09-01 22:00,69211.0,19585.0,503.33,0.0
24,2006-09-01 23:00,65985.0,18736.0,427.16,0.0
25,2006-09-02 00:00,62377.0,17902.0,372.13,0.0
26,2006-09-02 01:00,60784.0,17415.0,331.63,0.0
27,2006-09-02 02:00,59588.0,17162.0,0.0,0.0
28,2006-09-02 03:00,59107.0,17056.0,0.0,0.0
29,2006-09-02 04:00,59100.0,17026.0,0.0,0.0
30,2006-09-02 05:00,60272.0,17015.0,24.47,0.0
31,2006-09-02 06:00,60734.0,17224.0,0.0,0.0
32,2006-09-02 07:00,62203.0,17452.0,324.74,0.0
33,2006-09-02 08:00,64702.0,17831.0,335.53,0.0
34,2006-09-02 09:00,67110.0,18466.0,413.42,0.0
35,2006-09-02 10:00,67762.0,18698.0,428.21,0.0
36,2006-09-02 11:00,67284.0,18676.0,370.49,0.0
37,2006-09-02 12:00,67513.0,18584.0,454.63,0.0
38,2006-09-02 13:00,66688.0,18620.0,395.69,0.0
39,2006-09-02 14:00,66832.0,18569.0,447.36,0.0
40,2006-09-02 15:00,66552.0,18466.0,475.13,0.0
41,2006-09-02 16:00,66454.0,18361.0,474.36,0.0
42,2006-09-02 17:00,66106.0,18453.0,445.71,0.0
43,2006-09-02 18:00,66473.0,18517.0,443.75,0.0
44,2006-09-02 19:00,67565.0,18697.0,447.25,0.0
45,2006-09-02 20:00,70041.0,19013.0,470.86,0.0
46,2006-09-02 21:00,70157.0,19355.0,541.12,0.0
47,2006-09-02 22:00,66949.0,19267.0,475.93,0.0
48,2006-09-02 23:00,63389.0,18411.0,430.72,0.0
49,2006-09-03 00:00,61034.0,17828.0,0.0,0.0
50,2006-09-03 01:00,59461.0,17419.0,0.0,0.0
51,2006-09-03 02:00,58351.0,17130.0,0.0,0.0
52,2006-09-03 03:00,57847.0,16980.0,0.0,0.0
53,2006-09-03 04:00,58300.0,16926.0,0.0,0.0
54,2006-09-03 05:00,58594.0,17007.0,0.0,0.0
55,2006-09-03 06:00,59289.0,17184.0,0.0,0.0
56,2006-09-03 07:00,59575.0,17415.0,0.0,0.0
57,2006-09-03 08:00,61790.0,17652.0,0.0,0.0
58,2006-09-03 09:00,63608.0,18066.0,0.0,0.0
59,2006-09-03 10:00,64716.0,18323.0,333.75,0.0
60,2006-09-03 11:00,64639.0,18360.0,333.47,0.0
61,2006-09-03 12:00,64592.0,18384.0,339.14,0.0
62,2006-09-03 13:00,64580.0,18373.0,354.12,0.0
63,2006-09-03 14:00,64318.0,18384.0,348.74,0.0
64,2006-09-03 15:00,64458.0,18368.0,350.55,0.0
65,2006-09-03 16:00,64684.0,18372.0,365.8,0.0
66,2006-09-03 17:00,65322.0,18456.0,364.68,0.0
67,2006-09-03 18:00,65954.0,18588.0,379.49,0.0
68,2006-09-03 19:00,67277.0,18749.0,388.73,0.0
69,2006-09-03 20:00,69808.0,19146.0,488.0,18.86
70,2006-09-03 21:00,70250.0,19531.0,514.92,276.99
71,2006-09-03 22:00,66733.0,19397.0,375.61,242.27
72,2006-09-03 23:00,64017.0,18487.0,367.05,0.0
73,2006-09-04 00:00,61505.0,17932.0,398.0,0.0
74,2006-09-04 01:00,59967.0,17460.0,0.0,0.0
75,2006-09-04 02:00,59088.0,17169.0,0.0,0.0
76,2006-09-04 03:00,58853.0,17064.0,0.0,0.0
77,2006-09-04 04:00,59522.0,17173.0,0.0,0.0
78,2006-09-04 05:00,61954.0,17356.0,24.63,0.0
79,2006-09-04 06:00,64482.0,17811.0,260.43,0.0
80,2006-09-04 07:00,68264.0,18343.0,423.9,0.0
81,2006-09-04 08:00,72257.0,18865.0,414.66,0.0
82,2006-09-04 09:00,74716.0,19351.0,441.21,0.0
83,2006-09-04 10:00,74724.0,19560.0,452.05,0.0
84,2006-09-04 11:00,74584.0,19533.0,453.58,0.0
85,2006-09-04 12:00,74185.0,19403.0,443.27,0.0
86,2006-09-04 13:00,74479.0,19352.0,469.41,0.0
87,2006-09-04 14:00,73897.0,19356.0,466.26,0.0
88,2006-09-04 15:00,73208.0,19297.0,496.71,0.0
89,2006-09-04 16:00,72355.0,19273.0,486.77,0.0
90,2006-09-04 17:00,71383.0,19175.0,427.69,0.0
91,2006-09-04 18:00,71302.0,19272.0,427.91,0.0
92,2006-09-04 19:00,72462.0,19330.0,436.85,0.0
93,2006-09-04 20:00,74464.0,19568.0,512.62,18.74
94,2006-09-04 21:00,73986.0,19987.0,485.73,0.08
95,2006-09-04 22:00,70296.0,19800.0,418.73,0.06
96,2006-09-04 23:00,66834.0,18827.0,370.36,0.0
97,2006-09-05 00:00,62896.0,18006.0,0.0,0.0
98,2006-09-05 01:00,61094.0,17590.0,0.0,0.0
99,2006-09-05 02:00,60307.0,17359.0,0.0,0.0
100,2006-09-05 03:00,59991.0,17111.0,0.0,0.0
101,2006-09-05 04:00,61226.0,17268.0,0.0,0.0
102,2006-09-05 05:00,62969.0,17467.0,0.0,0.0
103,2006-09-05 06:00,65733.0,17883.0,297.65,0.0
104,2006-09-05 07:00,69633.0,18428.0,369.03,0.0
105,2006-09-05 08:00,73397.0,18885.0,461.64,0.0
106,2006-09-05 09:00,74808.0,19414.0,463.33,0.0
107,2006-09-05 10:00,75245.0,19599.0,483.04,0.0
108,2006-09-05 11:00,74923.0,19586.0,481.61,0.0
109,2006-09-05 12:00,74471.0,19489.0,481.77,0.0
110,2006-09-05 13:00,74596.0,19458.0,482.68,0.0
111,2006-09-05 14:00,74192.0,19480.0,485.89,0.0
112,2006-09-05 15:00,73525.0,19416.0,506.88,0.0
113,2006-09-05 16:00,72688.0,19364.0,503.68,255.55
114,2006-09-05 17:00,71822.0,19336.0,481.5,267.84
115,2006-09-05 18:00,71933.0,19410.0,475.1,272.73
116,2006-09-05 19:00,73117.0,19522.0,475.63,19.02
117,2006-09-05 20:00,75208.0,19819.0,486.2,22.44
118,2006-09-05 21:00,74281.0,20106.0,513.16,0.0
119,2006-09-05 22:00,70484.0,19888.0,436.39,0.0
120,2006-09-05 23:00,66836.0,18946.0,317.73,0.0
121,2006-09-06 00:00,62764.0,18448.0,0.0,0.0
122,2006-09-06 01:00,61236.0,18034.0,0.0,0.0
123,2006-09-06 02:00,60359.0,17793.0,0.0,0.0
124,2006-09-06 03:00,60298.0,17625.0,0.0,0.0
125,2006-09-06 04:00,61200.0,17676.0,0.0,0.0
126,2006-09-06 05:00,63920.0,17937.0,398.0,0.0
127,2006-09-06 06:00,66636.0,18353.0,246.37,0.0
128,2006-09-06 07:00,70206.0,18877.0,443.11,0.0
129,2006-09-06 08:00,72705.0,19336.0,445.23,0.0
130,2006-09-06 09:00,74956.0,19798.0,472.47,8.83
131,2006-09-06 10:00,75165.0,20036.0,481.65,0.0
132,2006-09-06 11:00,74940.0,20068.0,482.08,0.0
133,2006-09-06 12:00,74081.0,19924.0,473.51,0.0
134,2006-09-06 13:00,74230.0,19828.0,482.76,0.0
135,2006-09-06 14:00,73744.0,19838.0,480.35,0.0
136,2006-09-06 15:00,73216.0,19774.0,486.67,0.0
137,2006-09-06 16:00,72175.0,19758.0,499.08,0.0
138,2006-09-06 17:00,71436.0,19729.0,467.65,0.0
139,2006-09-06 18:00,71873.0,19774.0,469.97,8.8
140,2006-09-06 19:00,73223.0,19866.0,477.43,23.21
141,2006-09-06 20:00,75063.0,20148.0,486.36,23.16
142,2006-09-06 21:00,74111.0,20427.0,480.5,16.72
143,2006-09-06 22:00,69892.0,20213.0,442.3,0.0
144,2006-09-06 23:00,66443.0,19260.0,331.85,0.0
145,2006-09-07 00:00,65614.0,18407.0,415.32,0.0
146,2006-09-07 01:00,63851.0,17928.0,313.08,0.0
147,2006-09-07 02:00,62941.0,17700.0,217.68,0.0
148,2006-09-07 03:00,62710.0,17590.0,208.12,0.0
149,2006-09-07 04:00,63361.0,17590.0,258.94,0.0
150,2006-09-07 05:00,65293.0,17827.0,367.69,0.0
151,2006-09-07 06:00,67784.0,18263.0,366.58,0.0
152,2006-09-07 07:00,71894.0,18844.0,460.2,0.0
153,2006-09-07 08:00,75342.0,19384.0,491.13,0.0
154,2006-09-07 09:00,77426.0,19827.0,515.63,0.0
155,2006-09-07 10:00,77689.0,20053.0,535.45,0.0
156,2006-09-07 11:00,77268.0,20048.0,534.3,0.0
157,2006-09-07 12:00,76715.0,19884.0,515.86,0.0
158,2006-09-07 13:00,76927.0,19784.0,542.66,0.0
159,2006-09-07 14:00,76638.0,19826.0,538.19,0.0
160,2006-09-07 15:00,75687.0,19799.0,538.55,0.0
161,2006-09-07 16:00,74853.0,19744.0,527.67,0.0
162,2006-09-07 17:00,74035.0,19733.0,505.14,0.02
163,2006-09-07 18:00,74426.0,19796.0,510.92,282.84
164,2006-09-07 19:00,75804.0,19893.0,513.52,286.06
165,2006-09-07 20:00,77933.0,20183.0,537.7,285.0
166,2006-09-07 21:00,76832.0,20490.0,534.95,271.36
167,2006-09-07 22:00,72821.0,20281.0,485.21,0.0
168,2006-09-07 23:00,69033.0,19287.0,459.38,0.0
169,2006-09-08 00:00,64360.0,18687.0,419.65,0.0
170,2006-09-08 01:00,62651.0,18237.0,343.18,0.0
171,2006-09-08 02:00,61708.0,17974.0,285.0,0.0
172,2006-09-08 03:00,61616.0,17870.0,279.16,0.0
173,2006-09-08 04:00,62458.0,17876.0,258.88,0.0
174,2006-09-08 05:00,64499.0,18091.0,359.97,0.0
175,2006-09-08 06:00,67358.0,18577.0,447.03,277.82
176,2006-09-08 07:00,71534.0,19163.0,487.85,277.72
177,2006-09-08 08:00,74919.0,19595.0,503.47,278.88
178,2006-09-08 09:00,76915.0,19927.0,554.25,276.9
179,2006-09-08 10:00,77172.0,19986.0,578.65,275.67
180,2006-09-08 11:00,76651.0,20021.0,568.8,274.55
181,2006-09-08 12:00,75941.0,19909.0,559.55,273.44
182,2006-09-08 13:00,76072.0,19775.0,588.7,271.8
183,2006-09-08 14:00,75668.0,19794.0,550.97,271.97
184,2006-09-08 15:00,74899.0,19813.0,558.6,271.49
185,2006-09-08 16:00,74024.0,19744.0,556.49,0.01
186,2006-09-08 17:00,73025.0,19715.0,545.66,0.0
187,2006-09-08 18:00,73380.0,19793.0,539.05,0.03
188,2006-09-08 19:00,75031.0,19831.0,537.09,0.06
189,2006-09-08 20:00,77209.0,20014.0,541.87,252.29
190,2006-09-08 21:00,75904.0,20420.0,555.29,0.01
191,2006-09-08 22:00,72001.0,20252.0,517.5,0.0
192,2006-09-08 23:00,68208.0,19396.0,493.26,0.0
193,2006-09-09 00:00,64894.0,18620.0,448.97,0.0
194,2006-09-09 01:00,63451.0,18181.0,427.82,0.0
195,2006-09-09 02:00,62386.0,17943.0,416.68,0.0
196,2006-09-09 03:00,61915.0,17813.0,361.67,0.0
197,2006-09-09 04:00,62082.0,17780.0,361.96,0.0
198,2006-09-09 05:00,62884.0,17946.0,339.54,0.0
199,2006-09-09 06:00,63112.0,18297.0,315.63,0.0
200,2006-09-09 07:00,64925.0,18597.0,420.15,0.0
201,2006-09-09 08:00,67399.0,18907.0,455.64,18.65
202,2006-09-09 09:00,69244.0,19168.0,448.41,22.4
203,2006-09-09 10:00,69675.0,19314.0,438.45,22.33
204,2006-09-09 11:00,69834.0,19287.0,440.53,18.76
205,2006-09-09 12:00,69358.0,19286.0,440.55,22.22
206,2006-09-09 13:00,69092.0,19199.0,440.33,18.76
207,2006-09-09 14:00,68730.0,19182.0,450.33,18.58
208,2006-09-09 15:00,68534.0,19138.0,446.33,18.52
209,2006-09-09 16:00,68538.0,19136.0,444.07,18.75
210,2006-09-09 17:00,68438.0,19202.0,437.63,22.31
211,2006-09-09 18:00,69008.0,19206.0,441.2,0.0
212,2006-09-09 19:00,70512.0,19347.0,468.33,0.0
213,2006-09-09 20:00,72761.0,19726.0,491.8,20.13
214,2006-09-09 21:00,72563.0,20079.0,482.44,0.0
215,2006-09-09 22:00,69355.0,19896.0,455.33,0.0
216,2006-09-09 23:00,66621.0,19017.0,470.98,0.0
217,2006-09-10 00:00,62807.0,18449.0,343.57,0.0
218,2006-09-10 01:00,61986.0,18006.0,328.45,0.0
219,2006-09-10 02:00,61109.0,17774.0,274.83,0.0
220,2006-09-10 03:00,60762.0,17612.0,260.32,0.0
221,2006-09-10 04:00,60540.0,17528.0,244.29,0.0
222,2006-09-10 05:00,61084.0,17640.0,262.07,0.0
223,2006-09-10 06:00,61870.0,17858.0,268.52,0.0
224,2006-09-10 07:00,62000.0,18113.0,120.18,0.0
225,2006-09-10 08:00,64008.0,18376.0,350.55,18.87
226,2006-09-10 09:00,65862.0,18680.0,360.1,19.28
227,2006-09-10 10:00,66884.0,18840.0,391.04,19.0
228,2006-09-10 11:00,67250.0,18825.0,400.59,19.14
229,2006-09-10 12:00,67160.0,18853.0,404.09,19.16
230,2006-09-10 13:00,67010.0,18787.0,413.81,19.06
231,2006-09-10 14:00,66882.0,18743.0,412.43,19.01
232,2006-09-10 15:00,66901.0,18730.0,415.9,18.85
233,2006-09-10 16:00,67102.0,18726.0,420.64,19.13
234,2006-09-10 17:00,67323.0,18791.0,382.31,19.11
235,2006-09-10 18:00,68323.0,18865.0,424.87,23.36
236,2006-09-10 19:00,71928.0,19058.0,469.48,0.0
237,2006-09-10 20:00,74356.0,19452.0,516.03,20.31
238,2006-09-10 21:00,72585.0,19893.0,567.15,0.0
239,2006-09-10 22:00,69167.0,19666.0,465.05,0.0
240,2006-09-10 23:00,66546.0,18738.0,472.42,0.0
241,2006-09-11 00:00,63911.0,18193.0,380.57,0.0
242,2006-09-11 01:00,62446.0,17796.0,290.67,0.0
243,2006-09-11 02:00,61568.0,17540.0,277.65,0.0
244,2006-09-11 03:00,61421.0,17490.0,262.66,0.0
245,2006-09-11 04:00,62228.0,17461.0,272.33,0.0
246,2006-09-11 05:00,64544.0,17628.0,347.6,0.0
247,2006-09-11 06:00,67486.0,18023.0,461.84,0.0
248,2006-09-11 07:00,71775.0,18573.0,502.69,0.0
249,2006-09-11 08:00,75363.0,19061.0,526.53,0.0
250,2006-09-11 09:00,77294.0,19437.0,559.0,17.99
251,2006-09-11 10:00,77400.0,19623.0,612.34,0.0
252,2006-09-11 11:00,77201.0,19645.0,620.95,17.85
253,2006-09-11 12:00,77149.0,19518.0,576.94,0.0
254,2006-09-11 13:00,76952.0,19388.0,619.54,0.0
255,2006-09-11 14:00,76282.0,19420.0,612.75,0.0
256,2006-09-11 15:00,75724.0,19345.0,591.91,0.0
257,2006-09-11 16:00,74850.0,19271.0,560.55,0.0
258,2006-09-11 17:00,74336.0,19248.0,549.33,0.0
259,2006-09-11 18:00,74429.0,19249.0,542.4,0.0
260,2006-09-11 19:00,76159.0,19355.0,570.52,19.99
261,2006-09-11 20:00,77761.0,19731.0,588.49,20.48
262,2006-09-11 21:00,76161.0,20102.0,650.02,0.0
263,2006-09-11 22:00,72561.0,19858.0,545.12,0.0
264,2006-09-11 23:00,68775.0,19019.0,496.17,0.0
265,2006-09-12 00:00,65577.0,17959.0,380.99,0.0
266,2006-09-12 01:00,63972.0,17635.0,307.89,0.0
267,2006-09-12 02:00,63156.0,17467.0,270.69,0.0
268,2006-09-12 03:00,63074.0,17371.0,260.59,0.0
269,2006-09-12 04:00,63705.0,17345.0,291.62,0.0
270,2006-09-12 05:00,65972.0,17649.0,390.37,0.0
271,2006-09-12 06:00,68978.0,18100.0,440.34,0.0
272,2006-09-12 07:00,73149.0,18574.0,500.68,0.0
273,2006-09-12 08:00,76110.0,18948.0,494.71,0.0
274,2006-09-12 09:00,77910.0,19275.0,580.08,0.0
275,2006-09-12 10:00,78219.0,19387.0,561.97,0.0
276,2006-09-12 11:00,77836.0,19283.0,577.84,0.0
277,2006-09-12 12:00,77162.0,19164.0,566.74,0.0
278,2006-09-12 13:00,77276.0,19143.0,580.37,0.0
279,2006-09-12 14:00,76765.0,19148.0,586.98,0.0
280,2006-09-12 15:00,75952.0,19108.0,566.73,0.0
281,2006-09-12 16:00,75318.0,19022.0,547.09,0.0
282,2006-09-12 17:00,74294.0,18937.0,540.53,0.0
283,2006-09-12 18:00,74689.0,18990.0,531.3,0.0
284,2006-09-12 19:00,76408.0,19033.0,521.89,0.0
285,2006-09-12 20:00,78343.0,19347.0,558.04,0.0
286,2006-09-12 21:00,76719.0,19789.0,673.67,0.0
287,2006-09-12 22:00,72711.0,19587.0,535.68,0.0
288,2006-09-12 23:00,68990.0,18806.0,490.86,0.0
289,2006-09-13 00:00,65817.0,18074.0,402.77,0.0
290,2006-09-13 01:00,64354.0,17656.0,343.78,0.0
291,2006-09-13 02:00,63594.0,17462.0,310.64,0.0
292,2006-09-13 03:00,63449.0,17340.0,302.87,0.0
293,2006-09-13 04:00,64240.0,17406.0,312.48,0.0
294,2006-09-13 05:00,66456.0,17668.0,399.95,0.0
295,2006-09-13 06:00,69184.0,18143.0,457.53,0.0
296,2006-09-13 07:00,73458.0,18661.0,504.71,0.48
297,2006-09-13 08:00,76871.0,19106.0,527.7,0.0
298,2006-09-13 09:00,78591.0,19411.0,579.96,0.0
299,2006-09-13 10:00,78752.0,19575.0,671.39,0.0
300,2006-09-13 11:00,78268.0,19495.0,626.68,0.0
301,2006-09-13 12:00,77695.0,19267.0,542.8,0.0
302,2006-09-13 13:00,77643.0,19193.0,627.7,0.0
303,2006-09-13 14:00,77128.0,19192.0,648.49,0.0
304,2006-09-13 15:00,76378.0,19173.0,631.28,0.0
305,2006-09-13 16:00,75739.0,19094.0,553.66,0.0
306,2006-09-13 17:00,74860.0,19010.0,519.5,0.0
307,2006-09-13 18:00,75251.0,19036.0,538.56,0.0
308,2006-09-13 19:00,77061.0,19124.0,517.05,0.0
309,2006-09-13 20:00,78844.0,19459.0,533.48,0.0
310,2006-09-13 21:00,77553.0,19915.0,615.25,0.0
311,2006-09-13 22:00,73005.0,19689.0,510.72,0.0
312,2006-09-13 23:00,69110.0,18893.0,488.22,0.06
313,2006-09-14 00:00,66158.0,18134.0,378.28,0.0
314,2006-09-14 01:00,64734.0,17750.0,309.89,0.0
315,2006-09-14 02:00,63875.0,17587.0,301.43,0.0
316,2006-09-14 03:00,63657.0,17474.0,266.37,0.0
317,2006-09-14 04:00,64329.0,17487.0,297.43,0.0
318,2006-09-14 05:00,66552.0,17746.0,408.31,0.0
319,2006-09-14 06:00,69373.0,18190.0,452.41,0.0
320,2006-09-14 07:00,73193.0,18691.0,478.99,235.92
321,2006-09-14 08:00,76427.0,19178.0,503.19,0.0
322,2006-09-14 09:00,78224.0,19518.0,524.78,0.0
323,2006-09-14 10:00,78521.0,19669.0,525.35,0.0
324,2006-09-14 11:00,78132.0,19550.0,525.73,0.0
325,2006-09-14 12:00,77360.0,19329.0,520.8,0.0
326,2006-09-14 13:00,77524.0,19265.0,529.5,0.0
327,2006-09-14 14:00,77035.0,19226.0,530.05,0.0
328,2006-09-14 15:00,76390.0,19184.0,542.14,0.0
329,2006-09-14 16:00,75649.0,19190.0,547.83,0.0
330,2006-09-14 17:00,74832.0,19170.0,518.49,0.0
331,2006-09-14 18:00,75425.0,19150.0,523.12,0.0
332,2006-09-14 19:00,77071.0,19232.0,524.82,0.0
333,2006-09-14 20:00,78945.0,19548.0,524.73,0.0
334,2006-09-14 21:00,77745.0,19898.0,558.41,0.0
335,2006-09-14 22:00,72914.0,19713.0,505.58,0.0
336,2006-09-14 23:00,69236.0,18896.0,489.15,231.09
337,2006-09-15 00:00,66575.0,18095.0,397.08,0.0
338,2006-09-15 01:00,65113.0,17728.0,340.09,0.0
339,2006-09-15 02:00,64342.0,17534.0,303.24,0.0
340,2006-09-15 03:00,64168.0,17444.0,245.18,0.0
341,2006-09-15 04:00,64928.0,17473.0,302.17,0.0
342,2006-09-15 05:00,67362.0,17680.0,425.31,0.0
343,2006-09-15 06:00,70156.0,18132.0,462.44,0.0
344,2006-09-15 07:00,74284.0,18641.0,502.23,0.0
345,2006-09-15 08:00,77567.0,19108.0,525.3,0.0
346,2006-09-15 09:00,79169.0,19433.0,554.9,0.0
347,2006-09-15 10:00,79268.0,19549.0,566.35,0.0
348,2006-09-15 11:00,78808.0,19422.0,626.95,0.0
349,2006-09-15 12:00,78097.0,19227.0,559.49,0.0
350,2006-09-15 13:00,78126.0,19164.0,563.45,0.0
351,2006-09-15 14:00,77539.0,19199.0,584.6,0.0
352,2006-09-15 15:00,76811.0,19129.0,570.67,0.0
353,2006-09-15 16:00,76033.0,19039.0,585.31,0.0
354,2006-09-15 17:00,75324.0,19003.0,544.08,0.0
355,2006-09-15 18:00,75982.0,19108.0,551.35,0.0
356,2006-09-15 19:00,77747.0,19289.0,566.82,0.0
357,2006-09-15 20:00,79268.0,19531.0,564.43,0.0
358,2006-09-15 21:00,78084.0,19902.0,836.0,0.0
359,2006-09-15 22:00,73699.0,19629.0,551.19,0.0
360,2006-09-15 23:00,70085.0,18690.0,498.84,0.0
361,2006-09-16 00:00,66766.0,18172.0,449.73,0.0
362,2006-09-16 01:00,65565.0,17743.0,449.19,0.0
363,2006-09-16 02:00,64568.0,17517.0,351.01,0.0
364,2006-09-16 03:00,64181.0,17388.0,328.11,0.0
365,2006-09-16 04:00,64560.0,17424.0,326.14,0.0
366,2006-09-16 05:00,65307.0,17467.0,323.08,0.0
367,2006-09-16 06:00,65833.0,17663.0,326.1,0.0
368,2006-09-16 07:00,67542.0,17953.0,432.87,0.0
369,2006-09-16 08:00,69477.0,18337.0,434.51,0.0
370,2006-09-16 09:00,71312.0,18633.0,466.88,0.0
371,2006-09-16 10:00,71740.0,18767.0,478.47,0.0
372,2006-09-16 11:00,71746.0,18706.0,495.31,0.0
373,2006-09-16 12:00,71372.0,18618.0,484.62,0.0
374,2006-09-16 13:00,70932.0,18553.0,479.84,0.0
375,2006-09-16 14:00,70485.0,18507.0,467.51,0.0
376,2006-09-16 15:00,70317.0,18492.0,489.03,0.0
377,2006-09-16 16:00,70287.0,18505.0,471.53,0.0
378,2006-09-16 17:00,70660.0,18585.0,485.3,0.0
379,2006-09-16 18:00,71378.0,18674.0,475.86,0.0
380,2006-09-16 19:00,73654.0,18768.0,475.28,0.0
381,2006-09-16 20:00,75726.0,19201.0,523.92,0.0
382,2006-09-16 21:00,74965.0,19653.0,523.62,0.0
383,2006-09-16 22:00,71465.0,19415.0,495.52,0.0
384,2006-09-16 23:00,67793.0,18548.0,440.43,0.0
385,2006-09-17 00:00,66143.0,18124.0,425.22,0.0
386,2006-09-17 01:00,64590.0,17737.0,320.64,0.0
387,2006-09-17 02:00,63462.0,17508.0,255.3,0.0
388,2006-09-17 03:00,63096.0,17389.0,87.06,0.0
389,2006-09-17 04:00,63309.0,17335.0,251.94,0.0
390,2006-09-17 05:00,63953.0,17431.0,290.31,0.0
391,2006-09-17 06:00,64788.0,17600.0,291.25,0.0
392,2006-09-17 07:00,64894.0,17756.0,317.43,0.0
393,2006-09-17 08:00,66715.0,17972.0,388.07,0.0
394,2006-09-17 09:00,68695.0,18275.0,425.83,0.0
395,2006-09-17 10:00,69599.0,18429.0,440.15,0.0
396,2006-09-17 11:00,69928.0,18417.0,453.25,0.0
397,2006-09-17 12:00,69829.0,18420.0,452.58,0.0
398,2006-09-17 13:00,69661.0,18434.0,453.4,0.0
399,2006-09-17 14:00,69555.0,18382.0,455.68,0.0
400,2006-09-17 15:00,69637.0,18363.0,457.32,0.0
401,2006-09-17 16:00,70136.0,18400.0,457.62,0.0
402,2006-09-17 17:00,70720.0,18549.0,474.56,0.0
403,2006-09-17 18:00,72231.0,18714.0,468.0,0.0
404,2006-09-17 19:00,74731.0,18973.0,499.29,0.0
405,2006-09-17 20:00,76606.0,19539.0,544.39,0.0
406,2006-09-17 21:00,75632.0,19995.0,539.25,0.0
407,2006-09-17 22:00,71849.0,19600.0,499.98,0.0
408,2006-09-17 23:00,68912.0,18685.0,499.8,0.0
409,2006-09-18 00:00,66433.0,17989.0,379.21,0.0
410,2006-09-18 01:00,65068.0,17595.0,313.68,0.0
411,2006-09-18 02:00,64148.0,17364.0,264.71,0.0
412,2006-09-18 03:00,64115.0,17245.0,258.62,0.0
413,2006-09-18 04:00,65080.0,17279.0,279.8,0.0
414,2006-09-18 05:00,67620.0,17537.0,446.09,0.0
415,2006-09-18 06:00,70951.0,17983.0,494.51,0.0
416,2006-09-18 07:00,75295.0,18571.0,550.63,0.0
417,2006-09-18 08:00,78628.0,19118.0,571.74,0.0
418,2006-09-18 09:00,80496.0,19550.0,616.91,233.7
419,2006-09-18 10:00,80672.0,19828.0,643.04,233.9
420,2006-09-18 11:00,80049.0,19778.0,683.88,233.43
421,2006-09-18 12:00,79275.0,19515.0,773.08,0.06
422,2006-09-18 13:00,79367.0,19406.0,761.69,0.05
423,2006-09-18 14:00,78929.0,19382.0,721.33,0.01
424,2006-09-18 15:00,78099.0,19301.0,744.85,0.05
425,2006-09-18 16:00,77473.0,19281.0,682.16,0.05
426,2006-09-18 17:00,76986.0,19231.0,564.06,0.01
427,2006-09-18 18:00,77444.0,19244.0,565.62,0.0
428,2006-09-18 19:00,79159.0,19460.0,568.69,234.27
429,2006-09-18 20:00,81200.0,19839.0,652.14,235.22
430,2006-09-18 21:00,79325.0,20167.0,881.11,230.97
431,2006-09-18 22:00,74744.0,19884.0,553.33,0.0
432,2006-09-18 23:00,70816.0,18926.0,493.57,0.0
433,2006-09-19 00:00,67350.0,18159.0,317.7,0.0
434,2006-09-19 01:00,66137.0,17785.0,274.97,0.0
435,2006-09-19 02:00,65356.0,17575.0,172.35,0.0
436,2006-09-19 03:00,65364.0,17452.0,179.95,0.0
437,2006-09-19 04:00,66438.0,17538.0,185.53,0.0
438,2006-09-19 05:00,69300.0,17820.0,403.97,0.0
439,2006-09-19 06:00,72331.0,18271.0,473.43,0.0
440,2006-09-19 07:00,76174.0,18840.0,565.32,0.0
441,2006-09-19 08:00,79463.0,19271.0,624.5,0.0
442,2006-09-19 09:00,80872.0,19666.0,762.26,0.0
443,2006-09-19 10:00,80801.0,19799.0,921.82,0.0
444,2006-09-19 11:00,80139.0,19698.0,934.27,250.84
445,2006-09-19 12:00,79328.0,19567.0,671.61,251.24
446,2006-09-19 13:00,79368.0,19458.0,675.56,247.79
447,2006-09-19 14:00,78767.0,19424.0,665.75,180.8
448,2006-09-19 15:00,78060.0,19351.0,617.31,248.57
449,2006-09-19 16:00,77263.0,19323.0,608.34,248.74
450,2006-09-19 17:00,76820.0,19313.0,587.28,251.44
451,2006-09-19 18:00,77492.0,19357.0,605.32,252.35
452,2006-09-19 19:00,79538.0,19486.0,594.64,186.5
453,2006-09-19 20:00,81311.0,19876.0,616.01,250.74
454,2006-09-19 21:00,79533.0,20209.0,619.73,247.72
455,2006-09-19 22:00,74963.0,19851.0,540.7,247.43
456,2006-09-19 23:00,70822.0,19007.0,466.42,246.9
457,2006-09-20 00:00,68709.0,18411.0,353.98,0.0
458,2006-09-20 01:00,67119.0,18026.0,294.33,0.0
459,2006-09-20 02:00,66316.0,17748.0,260.74,0.0
460,2006-09-20 03:00,66257.0,17724.0,253.88,0.0
461,2006-09-20 04:00,67284.0,17724.0,183.53,0.0
462,2006-09-20 05:00,69872.0,18063.0,424.83,0.0
463,2006-09-20 06:00,72614.0,18574.0,509.88,252.46
464,2006-09-20 07:00,76766.0,19017.0,645.96,267.55
465,2006-09-20 08:00,79729.0,19572.0,664.15,254.26
466,2006-09-20 09:00,81239.0,19916.0,790.46,252.67
467,2006-09-20 10:00,81446.0,20003.0,664.94,251.41
468,2006-09-20 11:00,80778.0,19942.0,758.47,250.58
469,2006-09-20 12:00,80284.0,19788.0,707.88,249.59
470,2006-09-20 13:00,80364.0,19729.0,738.04,249.2
471,2006-09-20 14:00,79666.0,19698.0,735.25,249.75
472,2006-09-20 15:00,78647.0,19654.0,1241.54,248.0
473,2006-09-20 16:00,78012.0,19556.0,728.92,247.35
474,2006-09-20 17:00,77837.0,19544.0,652.17,250.07
475,2006-09-20 18:00,78322.0,19720.0,773.9,251.41
476,2006-09-20 19:00,80656.0,19909.0,640.54,250.97
477,2006-09-20 20:00,82265.0,20323.0,753.25,0.06
478,2006-09-20 21:00,80105.0,20612.0,731.55,102.78
479,2006-09-20 22:00,75031.0,20166.0,546.67,0.08
480,2006-09-20 23:00,71333.0,19250.0,467.96,0.0
481,2006-09-21 00:00,69372.0,18779.0,361.96,0.0
482,2006-09-21 01:00,67834.0,18315.0,129.52,0.0
483,2006-09-21 02:00,67051.0,18112.0,130.92,0.0
484,2006-09-21 03:00,67180.0,17994.0,144.72,0.0
485,2006-09-21 04:00,68338.0,18044.0,193.64,0.0
486,2006-09-21 05:00,70829.0,18313.0,422.58,210.3
487,2006-09-21 06:00,73419.0,18802.0,559.8,210.41
488,2006-09-21 07:00,77215.0,19464.0,682.02,208.16
489,2006-09-21 08:00,80461.0,20007.0,986.27,209.82
490,2006-09-21 09:00,81957.0,20360.0,960.02,208.61
491,2006-09-21 10:00,81943.0,20474.0,1017.33,208.49
492,2006-09-21 11:00,81251.0,20475.0,1162.2,207.6
493,2006-09-21 12:00,80601.0,20352.0,1034.75,208.2
494,2006-09-21 13:00,80606.0,20298.0,1165.59,207.98
495,2006-09-21 14:00,79897.0,20302.0,1161.05,208.74
496,2006-09-21 15:00,78961.0,20230.0,1051.83,208.65
497,2006-09-21 16:00,78196.0,20155.0,651.88,210.08
498,2006-09-21 17:00,77801.0,20105.0,648.62,285.09
499,2006-09-21 18:00,78633.0,20127.0,659.52,286.4
500,2006-09-21 19:00,81551.0,20370.0,1192.63,279.78
501,2006-09-21 20:00,82612.0,20779.0,1280.06,275.41
502,2006-09-21 21:00,80623.0,21118.0,1297.36,314.6
503,2006-09-21 22:00,75662.0,20735.0,596.86,294.79
504,2006-09-21 23:00,71841.0,19703.0,511.45,210.55
505,2006-09-22 00:00,68663.0,19068.0,347.91,0.0
506,2006-09-22 01:00,67110.0,18683.0,129.7,0.0
507,2006-09-22 02:00,66318.0,18438.0,130.95,0.0
508,2006-09-22 03:00,66489.0,18358.0,133.11,0.0
509,2006-09-22 04:00,67582.0,18276.0,155.57,0.0
510,2006-09-22 05:00,70160.0,18503.0,412.63,0.0
511,2006-09-22 06:00,72719.0,19013.0,486.97,0.0
512,2006-09-22 07:00,76732.0,19679.0,539.27,0.0
513,2006-09-22 08:00,79605.0,20226.0,568.91,0.0
514,2006-09-22 09:00,80991.0,20661.0,559.53,0.0
515,2006-09-22 10:00,81134.0,20830.0,565.17,0.0
516,2006-09-22 11:00,80231.0,20806.0,567.62,0.0
517,2006-09-22 12:00,79351.0,20676.0,563.03,0.0
518,2006-09-22 13:00,79155.0,20537.0,564.98,0.0
519,2006-09-22 14:00,78386.0,20612.0,562.88,0.0
520,2006-09-22 15:00,77588.0,20586.0,562.1,0.0
521,2006-09-22 16:00,76821.0,20537.0,574.33,0.01
522,2006-09-22 17:00,76536.0,20417.0,571.75,0.0
523,2006-09-22 18:00,77260.0,20461.0,563.59,0.0
524,2006-09-22 19:00,80314.0,20755.0,568.96,0.08
525,2006-09-22 20:00,81772.0,21138.0,591.06,0.04
526,2006-09-22 21:00,79688.0,21318.0,624.79,0.01
527,2006-09-22 22:00,74896.0,20845.0,584.24,0.02
528,2006-09-22 23:00,71485.0,19919.0,514.16,0.0
529,2006-09-23 00:00,68308.0,19388.0,476.28,0.0
530,2006-09-23 01:00,66832.0,18926.0,436.58,0.0
531,2006-09-23 02:00,65895.0,18650.0,370.42,0.0
532,2006-09-23 03:00,65612.0,18504.0,163.94,0.0
533,2006-09-23 04:00,66256.0,18481.0,192.84,0.0
534,2006-09-23 05:00,66921.0,18646.0,197.44,0.0
535,2006-09-23 06:00,67268.0,18925.0,196.0,0.0
536,2006-09-23 07:00,69037.0,19249.0,426.9,0.0
537,2006-09-23 08:00,71439.0,19637.0,464.76,0.0
538,2006-09-23 09:00,72746.0,20062.0,469.53,0.0
539,2006-09-23 10:00,73138.0,20293.0,472.49,0.0
540,2006-09-23 11:00,73115.0,20241.0,471.44,0.0
541,2006-09-23 12:00,72548.0,20172.0,466.4,0.0
542,2006-09-23 13:00,71997.0,20084.0,464.82,0.0
543,2006-09-23 14:00,71327.0,20023.0,437.3,0.0
544,2006-09-23 15:00,71086.0,19956.0,445.52,0.0
545,2006-09-23 16:00,71414.0,19908.0,465.3,0.0
546,2006-09-23 17:00,71904.0,19956.0,468.72,0.0
547,2006-09-23 18:00,73148.0,20089.0,480.36,0.0
548,2006-09-23 19:00,77451.0,20360.0,637.13,0.03
549,2006-09-23 20:00,77989.0,20839.0,574.23,0.0
550,2006-09-23 21:00,76943.0,21169.0,621.73,0.0
551,2006-09-23 22:00,73204.0,20779.0,532.56,0.0
552,2006-09-23 23:00,69404.0,19963.0,442.5,0.0
553,2006-09-24 00:00,67713.0,19244.0,433.99,0.0
554,2006-09-24 01:00,65957.0,18787.0,337.4,0.0
555,2006-09-24 02:00,65056.0,18510.0,164.48,0.0
556,2006-09-24 03:00,64791.0,18369.0,167.19,0.0
557,2006-09-24 04:00,64827.0,18347.0,168.17,0.0
558,2006-09-24 05:00,65524.0,18488.0,172.56,0.0
559,2006-09-24 06:00,66074.0,18751.0,192.12,0.0
560,2006-09-24 07:00,66548.0,19004.0,197.22,0.0
561,2006-09-24 08:00,68405.0,19223.0,204.38,0.0
562,2006-09-24 09:00,70160.0,19611.0,240.24,0.0
563,2006-09-24 10:00,70723.0,19838.0,392.36,0.0
564,2006-09-24 11:00,70942.0,19885.0,401.09,0.0
565,2006-09-24 12:00,70707.0,19883.0,394.7,0.0
566,2006-09-24 13:00,70580.0,19793.0,392.92,0.0
567,2006-09-24 14:00,70270.0,19789.0,394.16,0.0
568,2006-09-24 15:00,70283.0,19755.0,442.97,0.0
569,2006-09-24 16:00,70838.0,19789.0,446.23,0.0
570,2006-09-24 17:00,71831.0,19906.0,465.49,0.0
571,2006-09-24 18:00,73219.0,20080.0,473.39,0.0
572,2006-09-24 19:00,77565.0,20418.0,938.22,0.0
573,2006-09-24 20:00,77315.0,20859.0,780.68,0.0
574,2006-09-24 21:00,76266.0,21219.0,835.95,0.0
575,2006-09-24 22:00,72564.0,20797.0,601.38,0.0
576,2006-09-24 23:00,70204.0,19868.0,476.09,0.0
577,2006-09-25 00:00,67436.0,19200.0,447.51,0.0
578,2006-09-25 01:00,66064.0,18774.0,390.55,0.0
579,2006-09-25 02:00,65317.0,18541.0,308.35,0.0
580,2006-09-25 03:00,65402.0,18430.0,126.31,0.0
581,2006-09-25 04:00,66322.0,18464.0,155.07,0.0
582,2006-09-25 05:00,68901.0,18779.0,426.8,0.0
583,2006-09-25 06:00,73059.0,19283.0,515.48,0.0
584,2006-09-25 07:00,76620.0,19986.0,586.89,0.0
585,2006-09-25 08:00,79774.0,20590.0,585.48,44.23
586,2006-09-25 09:00,81386.0,21027.0,732.33,41.09
587,2006-09-25 10:00,81384.0,21198.0,736.63,40.86
588,2006-09-25 11:00,80774.0,21080.0,611.3,43.36
589,2006-09-25 12:00,79909.0,20883.0,590.84,0.0
590,2006-09-25 13:00,79806.0,20812.0,691.64,0.0
591,2006-09-25 14:00,78979.0,20766.0,634.58,43.93
592,2006-09-25 15:00,77986.0,20718.0,588.81,0.0
593,2006-09-25 16:00,77186.0,20705.0,569.25,44.0
594,2006-09-25 17:00,76817.0,20709.0,566.49,44.22
595,2006-09-25 18:00,77596.0,20800.0,578.51,44.27
596,2006-09-25 19:00,81758.0,20901.0,604.53,0.0
597,2006-09-25 20:00,82161.0,21265.0,607.63,40.99
598,2006-09-25 21:00,80136.0,21687.0,562.61,40.75
599,2006-09-25 22:00,75130.0,21267.0,523.62,41.12
600,2006-09-25 23:00,71898.0,20227.0,477.46,189.14
601,2006-09-26 00:00,68842.0,19463.0,352.04,0.0
602,2006-09-26 01:00,67279.0,18991.0,287.28,0.0
603,2006-09-26 02:00,66499.0,18739.0,109.57,0.0
604,2006-09-26 03:00,66541.0,18675.0,112.19,0.0
605,2006-09-26 04:00,67585.0,18704.0,124.14,0.0
606,2006-09-26 05:00,70124.0,18955.0,436.15,0.0
607,2006-09-26 06:00,74121.0,19505.0,522.59,45.3
608,2006-09-26 07:00,77115.0,20215.0,577.07,44.4
609,2006-09-26 08:00,80172.0,20754.0,602.06,43.34
610,2006-09-26 09:00,81766.0,21169.0,596.49,42.79
611,2006-09-26 10:00,81667.0,21331.0,743.24,39.25
612,2006-09-26 11:00,80968.0,21243.0,570.16,39.31
613,2006-09-26 12:00,79955.0,21050.0,553.73,42.27
614,2006-09-26 13:00,80084.0,20973.0,556.16,42.76
615,2006-09-26 14:00,79037.0,20961.0,554.02,43.07
616,2006-09-26 15:00,78076.0,20930.0,571.95,43.0
617,2006-09-26 16:00,77108.0,20908.0,562.84,43.2
618,2006-09-26 17:00,76914.0,20875.0,550.5,43.23
619,2006-09-26 18:00,77812.0,20953.0,569.9,42.24
620,2006-09-26 19:00,81535.0,21124.0,732.89,41.3
621,2006-09-26 20:00,82319.0,21564.0,738.0,41.12
622,2006-09-26 21:00,79976.0,21760.0,582.37,37.71
623,2006-09-26 22:00,75053.0,21307.0,507.92,63.51
624,2006-09-26 23:00,71570.0,20313.0,467.54,44.8
625,2006-09-27 00:00,68777.0,19492.0,367.65,0.0
626,2006-09-27 01:00,67341.0,19017.0,259.6,0.0
627,2006-09-27 02:00,66435.0,18765.0,108.13,0.0
628,2006-09-27 03:00,66503.0,18631.0,108.17,0.0
629,2006-09-27 04:00,67676.0,18743.0,124.13,0.0
630,2006-09-27 05:00,70269.0,19053.0,426.28,0.0
631,2006-09-27 06:00,74091.0,19604.0,492.46,0.0
632,2006-09-27 07:00,76734.0,20265.0,565.15,41.58
633,2006-09-27 08:00,79712.0,20884.0,569.1,40.66
634,2006-09-27 09:00,81274.0,21259.0,564.64,39.51
635,2006-09-27 10:00,81066.0,21375.0,573.82,39.08
636,2006-09-27 11:00,80391.0,21312.0,606.63,38.96
637,2006-09-27 12:00,79569.0,21104.0,573.88,39.11
638,2006-09-27 13:00,79552.0,20967.0,566.95,39.15
639,2006-09-27 14:00,78798.0,20963.0,564.91,39.77
640,2006-09-27 15:00,77956.0,20945.0,577.14,39.77
641,2006-09-27 16:00,77266.0,20918.0,573.74,39.94
642,2006-09-27 17:00,76792.0,20872.0,568.09,40.18
643,2006-09-27 18:00,77950.0,20963.0,582.38,40.62
644,2006-09-27 19:00,82081.0,21208.0,1006.76,39.47
645,2006-09-27 20:00,82353.0,21674.0,944.34,39.63
646,2006-09-27 21:00,80064.0,21805.0,623.57,43.44
647,2006-09-27 22:00,75028.0,21251.0,524.88,40.12
648,2006-09-27 23:00,71733.0,20336.0,468.4,40.8
649,2006-09-28 00:00,69483.0,19912.0,383.0,43.64
650,2006-09-28 01:00,68110.0,19501.0,265.63,0.0
651,2006-09-28 02:00,67338.0,19240.0,251.63,0.0
652,2006-09-28 03:00,67478.0,19161.0,107.88,0.0
653,2006-09-28 04:00,68538.0,19207.0,318.83,0.0
654,2006-09-28 05:00,71068.0,19484.0,448.44,0.0
655,2006-09-28 06:00,74966.0,20064.0,517.74,46.48
656,2006-09-28 07:00,78735.0,20748.0,590.94,246.54
657,2006-09-28 08:00,80423.0,21328.0,568.06,45.72
658,2006-09-28 09:00,81914.0,21682.0,746.53,45.56
659,2006-09-28 10:00,81794.0,21888.0,961.24,43.19
660,2006-09-28 11:00,81027.0,21825.0,623.82,43.02
661,2006-09-28 12:00,79919.0,21715.0,660.59,43.19
662,2006-09-28 13:00,80059.0,21543.0,717.79,43.31
663,2006-09-28 14:00,79222.0,21548.0,715.8,43.29
664,2006-09-28 15:00,78442.0,21438.0,659.72,43.24
665,2006-09-28 16:00,77538.0,21310.0,585.01,45.76
666,2006-09-28 17:00,77802.0,21272.0,592.45,45.99
667,2006-09-28 18:00,79333.0,21401.0,615.33,42.42
668,2006-09-28 19:00,82568.0,21812.0,666.77,42.78
669,2006-09-28 20:00,83121.0,22234.0,723.9,39.95
670,2006-09-28 21:00,80576.0,22209.0,647.56,43.99
671,2006-09-28 22:00,75780.0,21611.0,563.74,40.51
672,2006-09-28 23:00,72222.0,20767.0,468.32,237.15
673,2006-09-29 00:00,69579.0,19798.0,397.47,0.0
674,2006-09-29 01:00,67854.0,19362.0,106.58,0.0
675,2006-09-29 02:00,66938.0,19165.0,109.51,0.0
676,2006-09-29 03:00,66959.0,19090.0,131.83,0.0
677,2006-09-29 04:00,68026.0,19096.0,163.49,0.0
678,2006-09-29 05:00,70796.0,19387.0,445.28,0.0
679,2006-09-29 06:00,75544.0,19980.0,568.13,51.01
680,2006-09-29 07:00,78933.0,20629.0,643.61,241.46
681,2006-09-29 08:00,81705.0,21221.0,709.83,50.29
682,2006-09-29 09:00,82009.0,21637.0,616.41,49.53
683,2006-09-29 10:00,82002.0,21726.0,758.58,49.37
684,2006-09-29 11:00,81209.0,21686.0,603.97,73.57
685,2006-09-29 12:00,80350.0,21525.0,612.88,50.32
686,2006-09-29 13:00,80459.0,21344.0,635.54,50.55
687,2006-09-29 14:00,79676.0,21342.0,612.17,50.67
688,2006-09-29 15:00,78729.0,21243.0,606.13,50.69
689,2006-09-29 16:00,77841.0,21167.0,578.76,50.92
690,2006-09-29 17:00,77759.0,21117.0,575.3,50.88
691,2006-09-29 18:00,79271.0,21191.0,578.93,51.01
692,2006-09-29 19:00,83069.0,21449.0,603.65,243.14
693,2006-09-29 20:00,83097.0,22088.0,592.48,234.36
694,2006-09-29 21:00,80711.0,22125.0,587.55,241.21
695,2006-09-29 22:00,76078.0,21599.0,586.28,233.69
696,2006-09-29 23:00,72305.0,20767.0,501.29,218.71
697,2006-09-30 00:00,69346.0,19771.0,394.82,0.0
698,2006-09-30 01:00,67742.0,19263.0,367.61,0.0
699,2006-09-30 02:00,66577.0,19050.0,328.94,0.0
700,2006-09-30 03:00,66281.0,18962.0,307.44,0.0
701,2006-09-30 04:00,66577.0,18924.0,331.63,0.0
702,2006-09-30 05:00,67433.0,18956.0,367.85,0.0
703,2006-09-30 06:00,68607.0,19268.0,353.32,0.0
704,2006-09-30 07:00,70701.0,19539.0,395.17,0.0
705,2006-09-30 08:00,72950.0,19994.0,464.78,0.0
706,2006-09-30 09:00,73775.0,20412.0,457.9,0.0
707,2006-09-30 10:00,74242.0,20588.0,471.7,0.0
708,2006-09-30 11:00,73941.0,20544.0,465.47,0.0
709,2006-09-30 12:00,73462.0,20428.0,454.49,0.0
710,2006-09-30 13:00,73034.0,20419.0,455.89,0.0
711,2006-09-30 14:00,72664.0,20387.0,495.37,0.0
712,2006-09-30 15:00,72660.0,20310.0,501.6,0.0
713,2006-09-30 16:00,72943.0,20335.0,494.04,0.0
714,2006-09-30 17:00,73534.0,20374.0,506.17,0.0
715,2006-09-30 18:00,75248.0,20568.0,564.16,0.0
716,2006-09-30 19:00,79319.0,20847.0,640.2,0.0
717,2006-09-30 20:00,79344.0,21312.0,725.77,42.9
718,2006-09-30 21:00,77539.0,21508.0,625.05,40.72
719,2006-09-30 22:00,73882.0,20986.0,624.03,43.38
720,2006-09-30 23:00,70177.0,20287.0,491.2,0.0
721,2006-10-01 00:00,68260.0,19684.0,364.68,0.0
722,2006-10-01 01:00,66690.0,19199.0,265.42,0.0
723,2006-10-01 02:00,65729.0,18959.0,129.67,0.0
724,2006-10-01 03:00,65310.0,18800.0,131.13,0.0
725,2006-10-01 04:00,65550.0,18850.0,133.69,0.0
726,2006-10-01 05:00,66233.0,18911.0,158.31,0.0
727,2006-10-01 06:00,67328.0,19142.0,165.68,0.0
728,2006-10-01 07:00,67718.0,19453.0,129.17,0.0
729,2006-10-01 08:00,69430.0,19763.0,132.04,0.0
730,2006-10-01 09:00,71108.0,20165.0,339.9,40.88
731,2006-10-01 10:00,71869.0,20410.0,353.64,0.0
732,2006-10-01 11:00,71955.0,20392.0,355.91,0.0
733,2006-10-01 12:00,71667.0,20349.0,351.56,44.24
734,2006-10-01 13:00,71505.0,20276.0,362.03,44.59
735,2006-10-01 14:00,71372.0,20252.0,361.16,44.64
736,2006-10-01 15:00,71547.0,20184.0,350.14,45.66
737,2006-10-01 16:00,72285.0,20239.0,380.64,44.6
738,2006-10-01 17:00,73123.0,20368.0,391.19,44.54
739,2006-10-01 18:00,75135.0,20640.0,408.2,44.18
740,2006-10-01 19:00,78928.0,20985.0,462.19,43.23
741,2006-10-01 20:00,79400.0,21400.0,449.83,0.0
742,2006-10-01 21:00,77673.0,21514.0,468.29,0.0
743,2006-10-01 22:00,73732.0,20986.0,428.41,0.0
744,2006-10-01 23:00,70957.0,20196.0,393.51,0.0
745,2006-10-02 00:00,68361.0,19661.0,327.45,0.0
746,2006-10-02 01:00,66878.0,19204.0,106.84,0.0
747,2006-10-02 02:00,65847.0,18981.0,107.3,0.0
748,2006-10-02 03:00,65976.0,18834.0,108.12,0.0
749,2006-10-02 04:00,67283.0,18867.0,137.1,0.0
750,2006-10-02 05:00,70083.0,19205.0,348.13,27.5
751,2006-10-02 06:00,74438.0,19781.0,407.05,27.37
752,2006-10-02 07:00,78728.0,20432.0,462.53,26.93
753,2006-10-02 08:00,80905.0,21104.0,468.67,26.07
754,2006-10-02 09:00,82793.0,21507.0,481.6,28.36
755,2006-10-02 10:00,82694.0,21604.0,498.9,253.42
756,2006-10-02 11:00,82037.0,21519.0,533.14,251.35
757,2006-10-02 12:00,81008.0,21364.0,525.46,249.41
758,2006-10-02 13:00,81277.0,21312.0,510.01,249.55
759,2006-10-02 14:00,80569.0,21314.0,526.77,249.38
760,2006-10-02 15:00,79692.0,21239.0,520.25,247.75
761,2006-10-02 16:00,79194.0,21238.0,509.01,248.86
762,2006-10-02 17:00,78937.0,21121.0,469.87,248.4
763,2006-10-02 18:00,80311.0,21285.0,509.34,249.36
764,2006-10-02 19:00,84428.0,21606.0,634.92,258.16
765,2006-10-02 20:00,84328.0,22050.0,565.76,236.32
766,2006-10-02 21:00,81625.0,21988.0,533.12,30.87
767,2006-10-02 22:00,76513.0,21414.0,476.69,229.23
768,2006-10-02 23:00,72758.0,20503.0,409.92,0.0
769,2006-10-03 00:00,69449.0,19891.0,329.17,236.44
770,2006-10-03 01:00,68101.0,19432.0,106.01,231.73
771,2006-10-03 02:00,67249.0,19165.0,109.17,231.22
772,2006-10-03 03:00,67245.0,19149.0,111.25,228.94
773,2006-10-03 04:00,68541.0,19282.0,129.88,228.85
774,2006-10-03 05:00,70920.0,19545.0,344.57,235.51
775,2006-10-03 06:00,75055.0,20035.0,459.73,240.55
776,2006-10-03 07:00,79240.0,20618.0,487.33,241.58
777,2006-10-03 08:00,82245.0,21200.0,542.55,239.87
778,2006-10-03 09:00,82827.0,21588.0,473.97,241.39
779,2006-10-03 10:00,82996.0,21737.0,461.63,102.93
780,2006-10-03 11:00,82169.0,21683.0,510.77,31.34
781,2006-10-03 12:00,81204.0,21456.0,514.2,236.28
782,2006-10-03 13:00,81272.0,21390.0,490.5,236.2
783,2006-10-03 14:00,80430.0,21389.0,509.34,236.32
784,2006-10-03 15:00,79736.0,21307.0,498.16,235.16
785,2006-10-03 16:00,79347.0,21300.0,469.07,236.14
786,2006-10-03 17:00,79180.0,21257.0,467.95,236.72
787,2006-10-03 18:00,81955.0,21367.0,548.12,241.17
788,2006-10-03 19:00,84855.0,21688.0,563.64,241.88
789,2006-10-03 20:00,84334.0,22058.0,542.28,33.6
790,2006-10-03 21:00,81587.0,22112.0,532.86,63.73
791,2006-10-03 22:00,76481.0,21522.0,479.22,33.99
792,2006-10-03 23:00,72715.0,20696.0,396.12,34.32
793,2006-10-04 00:00,70462.0,19943.0,331.41,0.0
794,2006-10-04 01:00,68971.0,19487.0,106.3,0.0
795,2006-10-04 02:00,68071.0,19277.0,109.29,0.0
796,2006-10-04 03:00,68225.0,19202.0,125.43,0.0
797,2006-10-04 04:00,69399.0,19320.0,145.9,0.0
798,2006-10-04 05:00,72005.0,19645.0,354.15,0.0
799,2006-10-04 06:00,76207.0,20183.0,462.68,0.0
800,2006-10-04 07:00,80180.0,20858.0,542.52,0.0
801,2006-10-04 08:00,83070.0,21383.0,639.58,0.0
802,2006-10-04 09:00,84017.0,21734.0,579.9,0.0
803,2006-10-04 10:00,84390.0,21866.0,536.51,24.87
804,2006-10-04 11:00,83228.0,21823.0,539.28,26.89
805,2006-10-04 12:00,82705.0,21667.0,578.36,24.84
806,2006-10-04 13:00,82751.0,21622.0,562.54,0.0
807,2006-10-04 14:00,82038.0,21597.0,587.97,0.0
808,2006-10-04 15:00,81372.0,21562.0,579.71,0.02
809,2006-10-04 16:00,80801.0,21479.0,552.89,0.02
810,2006-10-04 17:00,80742.0,21529.0,535.25,0.0
811,2006-10-04 18:00,82334.0,21729.0,581.44,9.47
812,2006-10-04 19:00,85388.0,21980.0,623.27,10.1
813,2006-10-04 20:00,85465.0,22373.0,596.05,9.54
814,2006-10-04 21:00,82528.0,22368.0,583.36,0.0
815,2006-10-04 22:00,77504.0,21796.0,500.73,0.0
816,2006-10-04 23:00,73841.0,20995.0,445.77,0.01
817,2006-10-05 00:00,69947.0,20100.0,286.51,0.0
818,2006-10-05 01:00,68497.0,19761.0,245.43,0.0
819,2006-10-05 02:00,67556.0,19494.0,0.06,0.0
820,2006-10-05 03:00,67673.0,19431.0,106.59,0.0
821,2006-10-05 04:00,68784.0,19492.0,125.86,0.0
822,2006-10-05 05:00,71119.0,19823.0,351.82,0.0
823,2006-10-05 06:00,75573.0,20480.0,438.42,0.0
824,2006-10-05 07:00,79448.0,21122.0,547.96,0.0
825,2006-10-05 08:00,81792.0,21621.0,549.58,0.0
826,2006-10-05 09:00,83508.0,21939.0,576.73,0.0
827,2006-10-05 10:00,83872.0,22091.0,517.35,0.0
828,2006-10-05 11:00,83150.0,22015.0,516.64,0.0
829,2006-10-05 12:00,82338.0,21830.0,515.92,0.0
830,2006-10-05 13:00,82515.0,21817.0,526.55,0.0
831,2006-10-05 14:00,82115.0,21822.0,514.56,0.0
832,2006-10-05 15:00,81213.0,21833.0,509.69,0.0
833,2006-10-05 16:00,80700.0,21806.0,497.77,0.0
834,2006-10-05 17:00,80642.0,21801.0,507.65,0.0
835,2006-10-05 18:00,82686.0,22055.0,553.87,9.5
836,2006-10-05 19:00,84959.0,22257.0,561.35,9.45
837,2006-10-05 20:00,84777.0,22554.0,559.28,8.93
838,2006-10-05 21:00,81700.0,22512.0,516.13,0.0
839,2006-10-05 22:00,76835.0,21961.0,475.43,0.0
840,2006-10-05 23:00,73044.0,21150.0,381.34,0.0
841,2006-10-06 00:00,71536.0,20276.0,426.24,0.0
842,2006-10-06 01:00,70097.0,19929.0,333.76,0.0
843,2006-10-06 02:00,69320.0,19747.0,290.98,0.0
844,2006-10-06 03:00,69232.0,19715.0,282.14,0.0
845,2006-10-06 04:00,70358.0,19692.0,366.67,0.0
846,2006-10-06 05:00,72877.0,19969.0,444.34,0.0
847,2006-10-06 06:00,77270.0,20513.0,520.76,0.0
848,2006-10-06 07:00,80661.0,21250.0,543.87,0.0
849,2006-10-06 08:00,83871.0,21748.0,537.91,27.21
850,2006-10-06 09:00,85526.0,22082.0,601.39,28.52
851,2006-10-06 10:00,85753.0,22191.0,534.79,31.87
852,2006-10-06 11:00,84684.0,22125.0,539.18,29.5
853,2006-10-06 12:00,84037.0,21933.0,532.16,29.36
854,2006-10-06 13:00,84093.0,21892.0,505.84,28.81
855,2006-10-06 14:00,83398.0,21848.0,561.74,28.29
856,2006-10-06 15:00,82635.0,21806.0,557.29,28.21
857,2006-10-06 16:00,82130.0,21752.0,539.68,0.0
858,2006-10-06 17:00,82287.0,21801.0,515.41,0.04
859,2006-10-06 18:00,84055.0,21999.0,517.89,0.04
860,2006-10-06 19:00,86496.0,22303.0,560.24,0.06
861,2006-10-06 20:00,86054.0,22580.0,571.85,28.15
862,2006-10-06 21:00,83088.0,22399.0,562.43,29.17
863,2006-10-06 22:00,78158.0,21753.0,517.68,29.27
864,2006-10-06 23:00,74270.0,20971.0,445.4,0.0
865,2006-10-07 00:00,71622.0,20530.0,415.26,0.0
866,2006-10-07 01:00,69834.0,20112.0,339.99,0.0
867,2006-10-07 02:00,68857.0,19898.0,319.46,0.0
868,2006-10-07 03:00,68298.0,19837.0,299.79,0.0
869,2006-10-07 04:00,68823.0,20018.0,317.2,0.0
870,2006-10-07 05:00,69649.0,20185.0,374.41,0.0
871,2006-10-07 06:00,71272.0,20498.0,400.83,0.0
872,2006-10-07 07:00,72539.0,20855.0,397.09,0.0
873,2006-10-07 08:00,75389.0,21237.0,411.55,0.0
874,2006-10-07 09:00,76397.0,21633.0,412.1,0.0
875,2006-10-07 10:00,77044.0,21918.0,421.2,0.0
876,2006-10-07 11:00,76853.0,21893.0,422.73,0.0
877,2006-10-07 12:00,76176.0,21836.0,411.17,0.0
878,2006-10-07 13:00,75852.0,21707.0,413.61,0.0
879,2006-10-07 14:00,75412.0,21668.0,400.27,0.0
880,2006-10-07 15:00,75206.0,21643.0,405.09,0.0
881,2006-10-07 16:00,75888.0,21609.0,429.09,0.0
882,2006-10-07 17:00,77898.0,21736.0,502.68,0.0
883,2006-10-07 18:00,80212.0,22088.0,528.0,0.0
884,2006-10-07 19:00,82389.0,22367.0,575.41,0.0
885,2006-10-07 20:00,81347.0,22673.0,550.58,0.0
886,2006-10-07 21:00,79400.0,22576.0,508.89,0.0
887,2006-10-07 22:00,75591.0,22047.0,483.25,0.0
888,2006-10-07 23:00,71795.0,21460.0,430.58,0.0
889,2006-10-08 00:00,70233.0,21049.0,408.36,0.0
890,2006-10-08 01:00,68240.0,20593.0,294.74,0.0
891,2006-10-08 02:00,67171.0,20320.0,265.92,0.0
892,2006-10-08 03:00,67116.0,20254.0,271.88,0.0
893,2006-10-08 04:00,67357.0,20244.0,274.42,0.0
894,2006-10-08 05:00,68202.0,20360.0,335.89,0.0
895,2006-10-08 06:00,69841.0,20638.0,349.75,0.0
896,2006-10-08 07:00,70242.0,20977.0,325.94,0.0
897,2006-10-08 08:00,72092.0,21321.0,301.06,0.0
898,2006-10-08 09:00,73886.0,21720.0,409.5,0.0
899,2006-10-08 10:00,73899.0,21986.0,337.69,0.0
900,2006-10-08 11:00,73902.0,22011.0,331.86,0.0
901,2006-10-08 12:00,73594.0,21913.0,343.36,0.0
902,2006-10-08 13:00,73555.0,21827.0,392.31,0.0
903,2006-10-08 14:00,73295.0,21804.0,390.49,0.0
904,2006-10-08 15:00,73499.0,21809.0,416.57,0.0
905,2006-10-08 16:00,74461.0,21839.0,422.68,0.0
906,2006-10-08 17:00,76834.0,22043.0,430.87,0.0
907,2006-10-08 18:00,79896.0,22348.0,476.31,0.0
908,2006-10-08 19:00,82560.0,22652.0,533.34,0.0
909,2006-10-08 20:00,81702.0,22953.0,511.69,10.07
910,2006-10-08 21:00,79507.0,22826.0,501.3,9.94
911,2006-10-08 22:00,75367.0,22377.0,449.54,0.07
912,2006-10-08 23:00,72375.0,21579.0,443.33,0.0
913,2006-10-09 00:00,70253.0,20952.0,411.74,0.0
914,2006-10-09 01:00,68908.0,20482.0,320.81,0.0
915,2006-10-09 02:00,67902.0,20250.0,302.05,0.0
916,2006-10-09 03:00,67954.0,20217.0,296.03,0.0
917,2006-10-09 04:00,69396.0,20305.0,369.94,0.0
918,2006-10-09 05:00,71852.0,20587.0,418.13,0.0
919,2006-10-09 06:00,76873.0,21165.0,461.35,0.0
920,2006-10-09 07:00,81357.0,22008.0,515.23,0.01
921,2006-10-09 08:00,83787.0,22665.0,578.73,331.41
922,2006-10-09 09:00,85347.0,23060.0,527.92,334.96
923,2006-10-09 10:00,85630.0,23150.0,543.02,350.82
924,2006-10-09 11:00,84986.0,23044.0,734.96,351.61
925,2006-10-09 12:00,84006.0,22908.0,653.89,351.17
926,2006-10-09 13:00,84283.0,22838.0,594.88,350.06
927,2006-10-09 14:00,83805.0,22908.0,590.8,349.84
928,2006-10-09 15:00,82862.0,22900.0,548.32,350.16
929,2006-10-09 16:00,82668.0,22907.0,543.67,350.34
930,2006-10-09 17:00,82781.0,23007.0,569.31,351.18
931,2006-10-09 18:00,84741.0,23263.0,601.37,350.72
932,2006-10-09 19:00,87082.0,23486.0,603.53,354.15
933,2006-10-09 20:00,86413.0,23712.0,558.47,355.78
934,2006-10-09 21:00,83276.0,23524.0,528.5,354.73
935,2006-10-09 22:00,78209.0,22869.0,498.44,321.18
936,2006-10-09 23:00,74310.0,21995.0,421.04,0.06
937,2006-10-10 00:00,72171.0,21359.0,397.2,0.01
938,2006-10-10 01:00,70508.0,20837.0,312.83,0.0
939,2006-10-10 02:00,69713.0,20600.0,270.9,0.0
940,2006-10-10 03:00,69610.0,20540.0,262.14,0.0
941,2006-10-10 04:00,70778.0,20615.0,307.76,0.0
942,2006-10-10 05:00,72968.0,20885.0,366.12,0.0
943,2006-10-10 06:00,77866.0,21552.0,463.7,0.0
944,2006-10-10 07:00,81136.0,22266.0,515.83,0.04
945,2006-10-10 08:00,84524.0,22832.0,553.91,0.09
946,2006-10-10 09:00,86158.0,23174.0,556.7,0.1
947,2006-10-10 10:00,86241.0,23240.0,533.88,0.1
948,2006-10-10 11:00,85325.0,23169.0,514.44,0.1
949,2006-10-10 12:00,84373.0,22997.0,508.04,0.1
950,2006-10-10 13:00,84706.0,22924.0,545.9,235.37
951,2006-10-10 14:00,84049.0,22953.0,541.46,234.6
952,2006-10-10 15:00,83265.0,22931.0,541.06,240.26
953,2006-10-10 16:00,82924.0,22914.0,527.03,0.09
954,2006-10-10 17:00,83047.0,22976.0,512.4,242.63
955,2006-10-10 18:00,85136.0,23222.0,511.31,243.19
956,2006-10-10 19:00,87348.0,23523.0,555.65,244.4
957,2006-10-10 20:00,86944.0,23769.0,563.43,243.94
958,2006-10-10 21:00,83863.0,23615.0,538.25,241.92
959,2006-10-10 22:00,78814.0,23016.0,498.0,0.09
960,2006-10-10 23:00,75172.0,22237.0,429.37,0.07
961,2006-10-11 00:00,72859.0,21448.0,347.41,0.0
962,2006-10-11 01:00,71329.0,20979.0,288.93,0.0
963,2006-10-11 02:00,70641.0,20667.0,276.57,0.0
964,2006-10-11 03:00,70631.0,20539.0,272.23,0.0
965,2006-10-11 04:00,71626.0,20615.0,337.65,0.0
966,2006-10-11 05:00,73501.0,20961.0,397.04,0.0
967,2006-10-11 06:00,78304.0,21596.0,495.19,0.03
968,2006-10-11 07:00,82700.0,22290.0,565.21,0.04
969,2006-10-11 08:00,84992.0,22893.0,552.74,0.0
970,2006-10-11 09:00,86646.0,23228.0,572.91,0.09
971,2006-10-11 10:00,86649.0,23287.0,568.91,0.1
972,2006-10-11 11:00,86069.0,23244.0,560.55,0.1
973,2006-10-11 12:00,85328.0,23081.0,547.49,0.1
974,2006-10-11 13:00,85239.0,23082.0,559.06,0.09
975,2006-10-11 14:00,84830.0,23120.0,552.65,0.09
976,2006-10-11 15:00,84130.0,23084.0,545.46,0.09
977,2006-10-11 16:00,83734.0,23084.0,534.31,0.09
978,2006-10-11 17:00,84142.0,23152.0,534.63,0.08
979,2006-10-11 18:00,86639.0,23477.0,533.62,265.51
980,2006-10-11 19:00,88365.0,23778.0,518.17,266.39
981,2006-10-11 20:00,87735.0,23950.0,508.22,261.52
982,2006-10-11 21:00,84483.0,23787.0,537.19,260.94
983,2006-10-11 22:00,79551.0,23123.0,506.21,0.09
984,2006-10-11 23:00,75678.0,22294.0,417.1,253.73
985,2006-10-12 00:00,73684.0,21749.0,376.3,0.0
986,2006-10-12 01:00,72134.0,21242.0,297.59,0.0
987,2006-10-12 02:00,71293.0,20891.0,252.5,0.0
988,2006-10-12 03:00,71428.0,20787.0,278.55,0.0
989,2006-10-12 04:00,72594.0,20747.0,345.34,0.0
990,2006-10-12 05:00,74887.0,21099.0,410.37,0.0
991,2006-10-12 06:00,79808.0,21690.0,571.87,0.0
992,2006-10-12 07:00,84122.0,22397.0,645.72,0.03
993,2006-10-12 08:00,86374.0,23055.0,666.05,0.07
994,2006-10-12 09:00,87831.0,23325.0,686.6,235.23
995,2006-10-12 10:00,87723.0,23360.0,608.37,235.19
996,2006-10-12 11:00,86939.0,23218.0,565.92,0.03
997,2006-10-12 12:00,86363.0,23032.0,563.9,0.0
998,2006-10-12 13:00,86533.0,23013.0,582.59,0.0
999,2006-10-12 14:00,86021.0,23035.0,608.72,0.0
1000,2006-10-12 15:00,85147.0,23077.0,576.67,0.0
1001,2006-10-12 16:00,84387.0,23109.0,547.42,0.0
1002,2006-10-12 17:00,85288.0,23183.0,559.49,0.0
1003,2006-10-12 18:00,87779.0,23456.0,584.13,263.36
1004,2006-10-12 19:00,89594.0,23682.0,728.69,11.29
1005,2006-10-12 20:00,88605.0,23881.0,1334.15,223.94
1006,2006-10-12 21:00,85199.0,23729.0,563.78,0.08
1007,2006-10-12 22:00,80411.0,23108.0,532.68,0.0
1008,2006-10-12 23:00,76710.0,22338.0,432.35,0.07
1009,2006-10-13 00:00,74250.0,21567.0,384.63,254.92
1010,2006-10-13 01:00,72602.0,21129.0,325.94,252.44
1011,2006-10-13 02:00,71920.0,20808.0,299.08,251.28
1012,2006-10-13 03:00,71953.0,20730.0,328.71,0.07
1013,2006-10-13 04:00,73146.0,20702.0,353.17,0.0
1014,2006-10-13 05:00,75381.0,21044.0,408.29,0.05
1015,2006-10-13 06:00,79095.0,21642.0,515.56,34.76
1016,2006-10-13 07:00,83546.0,22304.0,597.44,34.4
1017,2006-10-13 08:00,86645.0,22967.0,619.94,0.07
1018,2006-10-13 09:00,88268.0,23282.0,602.84,0.09
1019,2006-10-13 10:00,88160.0,23317.0,555.16,0.08
1020,2006-10-13 11:00,86986.0,23210.0,571.99,0.08
1021,2006-10-13 12:00,86243.0,23030.0,571.36,256.06
1022,2006-10-13 13:00,86201.0,23052.0,570.89,255.94
1023,2006-10-13 14:00,85623.0,23022.0,558.12,256.08
1024,2006-10-13 15:00,84740.0,23014.0,541.12,255.19
1025,2006-10-13 16:00,84365.0,23021.0,528.54,255.1
1026,2006-10-13 17:00,85053.0,23102.0,541.7,0.07
1027,2006-10-13 18:00,87795.0,23381.0,549.42,0.09
1028,2006-10-13 19:00,89745.0,23628.0,557.7,0.09
1029,2006-10-13 20:00,88858.0,23720.0,558.46,0.07
1030,2006-10-13 21:00,85620.0,23512.0,506.42,0.07
1031,2006-10-13 22:00,80642.0,22905.0,500.18,0.07
1032,2006-10-13 23:00,77273.0,22141.0,427.17,251.6
1033,2006-10-14 00:00,74052.0,21553.0,402.33,0.0
1034,2006-10-14 01:00,72203.0,21210.0,333.89,0.0
1035,2006-10-14 02:00,71282.0,20941.0,315.75,0.0
1036,2006-10-14 03:00,71076.0,20797.0,303.99,0.0
1037,2006-10-14 04:00,71695.0,20840.0,315.58,0.0
1038,2006-10-14 05:00,72317.0,21048.0,347.82,0.0
1039,2006-10-14 06:00,73362.0,21283.0,336.21,0.0
1040,2006-10-14 07:00,76207.0,21649.0,402.78,0.0
1041,2006-10-14 08:00,78394.0,22035.0,412.3,0.0
1042,2006-10-14 09:00,80145.0,22414.0,430.44,0.0
1043,2006-10-14 10:00,79645.0,22619.0,410.48,0.0
1044,2006-10-14 11:00,79507.0,22588.0,409.57,0.0
1045,2006-10-14 12:00,78738.0,22533.0,362.19,0.0
1046,2006-10-14 13:00,78224.0,22534.0,386.67,0.0
1047,2006-10-14 14:00,77835.0,22420.0,389.81,0.0
1048,2006-10-14 15:00,77778.0,22409.0,392.17,0.0
1049,2006-10-14 16:00,78496.0,22479.0,395.31,0.0
1050,2006-10-14 17:00,81021.0,22677.0,442.81,0.0
1051,2006-10-14 18:00,84301.0,22920.0,508.18,0.0
1052,2006-10-14 19:00,86170.0,23212.0,565.61,0.0
1053,2006-10-14 20:00,84828.0,23407.0,519.28,21.43
1054,2006-10-14 21:00,82152.0,23276.0,495.42,0.0
1055,2006-10-14 22:00,78532.0,22715.0,461.57,0.0
1056,2006-10-14 23:00,74254.0,22129.0,340.32,0.0
1057,2006-10-15 00:00,73364.0,21472.0,334.61,0.0
1058,2006-10-15 01:00,71565.0,21054.0,264.1,0.0
1059,2006-10-15 02:00,70625.0,20818.0,253.9,0.0
1060,2006-10-15 03:00,70326.0,20655.0,236.45,0.0
1061,2006-10-15 04:00,70799.0,20697.0,249.08,0.0
1062,2006-10-15 05:00,71260.0,20787.0,249.55,0.0
1063,2006-10-15 06:00,72794.0,21010.0,306.61,0.0
1064,2006-10-15 07:00,73297.0,21387.0,309.06,0.0
1065,2006-10-15 08:00,74918.0,21788.0,254.82,0.0
1066,2006-10-15 09:00,77320.0,22157.0,368.84,0.0
1067,2006-10-15 10:00,77422.0,22335.0,398.1,0.0
1068,2006-10-15 11:00,77506.0,22334.0,328.47,0.0
1069,2006-10-15 12:00,77250.0,22253.0,302.34,0.0
1070,2006-10-15 13:00,77109.0,22246.0,328.79,0.0
1071,2006-10-15 14:00,78010.0,22223.0,428.8,0.0
1072,2006-10-15 15:00,77425.0,22167.0,403.23,0.0
1073,2006-10-15 16:00,79585.0,22229.0,430.31,0.0
1074,2006-10-15 17:00,81510.0,22458.0,436.48,0.0
1075,2006-10-15 18:00,84679.0,22866.0,484.99,0.0
1076,2006-10-15 19:00,86642.0,23253.0,526.79,0.0
1077,2006-10-15 20:00,85275.0,23453.0,490.82,0.0
1078,2006-10-15 21:00,82707.0,23307.0,469.89,0.0
1079,2006-10-15 22:00,78669.0,22695.0,456.9,0.0
1080,2006-10-15 23:00,75851.0,22051.0,384.08,0.0
1081,2006-10-16 00:00,74223.0,21545.0,320.62,238.63
1082,2006-10-16 01:00,72698.0,21086.0,265.3,239.77
1083,2006-10-16 02:00,72033.0,20849.0,255.9,239.56
1084,2006-10-16 03:00,72063.0,20759.0,250.82,240.13
1085,2006-10-16 04:00,73073.0,20821.0,287.21,241.07
1086,2006-10-16 05:00,76214.0,21189.0,422.11,241.86
1087,2006-10-16 06:00,81355.0,21757.0,547.85,253.41
1088,2006-10-16 07:00,85970.0,22415.0,571.94,240.15
1089,2006-10-16 08:00,89321.0,22913.0,576.09,237.88
1090,2006-10-16 09:00,89710.0,23251.0,558.1,237.46
1091,2006-10-16 10:00,89807.0,23424.0,555.35,238.89
1092,2006-10-16 11:00,89156.0,23335.0,539.1,238.7
1093,2006-10-16 12:00,88220.0,23262.0,529.34,239.21
1094,2006-10-16 13:00,88370.0,23103.0,532.31,238.05
1095,2006-10-16 14:00,87842.0,23113.0,542.82,238.34
1096,2006-10-16 15:00,87280.0,23101.0,535.13,274.27
1097,2006-10-16 16:00,87033.0,23043.0,509.39,259.69
1098,2006-10-16 17:00,87606.0,23176.0,537.96,255.8
1099,2006-10-16 18:00,90282.0,23595.0,530.13,60.53
1100,2006-10-16 19:00,91899.0,23837.0,582.16,55.92
1101,2006-10-16 20:00,90719.0,23931.0,574.57,38.17
1102,2006-10-16 21:00,87452.0,23635.0,509.33,246.88
1103,2006-10-16 22:00,82623.0,22989.0,456.16,235.32
1104,2006-10-16 23:00,78932.0,22172.0,400.71,233.98
1105,2006-10-17 00:00,76624.0,21637.0,316.23,244.81
1106,2006-10-17 01:00,74764.0,21271.0,253.74,241.57
1107,2006-10-17 02:00,73945.0,20995.0,241.15,243.66
1108,2006-10-17 03:00,73916.0,20939.0,236.34,244.42
1109,2006-10-17 04:00,75299.0,20982.0,269.29,245.15
1110,2006-10-17 05:00,77830.0,21290.0,389.61,247.43
1111,2006-10-17 06:00,83166.0,21835.0,530.85,246.81
1112,2006-10-17 07:00,87677.0,22505.0,583.46,248.46
1113,2006-10-17 08:00,89520.0,22999.0,565.64,248.36
1114,2006-10-17 09:00,90887.0,23352.0,586.97,252.74
1115,2006-10-17 10:00,90712.0,23488.0,552.97,260.59
1116,2006-10-17 11:00,89912.0,23366.0,551.96,251.4
1117,2006-10-17 12:00,88828.0,23265.0,535.69,250.2
1118,2006-10-17 13:00,88707.0,23134.0,545.88,254.27
1119,2006-10-17 14:00,88176.0,23098.0,537.39,254.72
1120,2006-10-17 15:00,87463.0,23107.0,510.31,254.63
1121,2006-10-17 16:00,87263.0,23068.0,501.62,254.5
1122,2006-10-17 17:00,87882.0,23187.0,504.17,254.04
1123,2006-10-17 18:00,90433.0,23585.0,527.98,253.56
1124,2006-10-17 19:00,92249.0,23925.0,538.33,29.32
1125,2006-10-17 20:00,91060.0,24020.0,542.45,10.64
1126,2006-10-17 21:00,87762.0,23695.0,520.35,56.51
1127,2006-10-17 22:00,82942.0,23105.0,496.28,244.0
1128,2006-10-17 23:00,79345.0,22322.0,431.23,243.02
1129,2006-10-18 00:00,77453.0,21465.0,312.53,250.54
1130,2006-10-18 01:00,75850.0,21056.0,263.69,246.95
1131,2006-10-18 02:00,75063.0,20875.0,248.94,246.13
1132,2006-10-18 03:00,74981.0,20837.0,240.74,249.37
1133,2006-10-18 04:00,76237.0,20893.0,265.69,249.49
1134,2006-10-18 05:00,78875.0,21238.0,391.06,248.91
1135,2006-10-18 06:00,83099.0,21853.0,505.6,253.65
1136,2006-10-18 07:00,87583.0,22510.0,578.41,254.76
1137,2006-10-18 08:00,90614.0,23034.0,596.85,254.53
1138,2006-10-18 09:00,92161.0,23255.0,612.28,257.73
1139,2006-10-18 10:00,92250.0,23377.0,659.6,262.51
1140,2006-10-18 11:00,91572.0,23278.0,663.02,261.65
1141,2006-10-18 12:00,90824.0,23166.0,684.39,260.18
1142,2006-10-18 13:00,91090.0,23089.0,733.08,259.12
1143,2006-10-18 14:00,90643.0,23039.0,794.88,257.48
1144,2006-10-18 15:00,89932.0,22983.0,627.29,250.34
1145,2006-10-18 16:00,89934.0,22916.0,564.41,248.24
1146,2006-10-18 17:00,90707.0,23114.0,564.85,249.42
1147,2006-10-18 18:00,93051.0,23532.0,627.38,249.21
1148,2006-10-18 19:00,94074.0,23817.0,630.25,213.58
1149,2006-10-18 20:00,92587.0,23902.0,533.28,210.81
1150,2006-10-18 21:00,89512.0,23672.0,530.99,218.4
1151,2006-10-18 22:00,84525.0,22949.0,525.25,240.28
1152,2006-10-18 23:00,80840.0,22239.0,443.18,240.89
1153,2006-10-19 00:00,77776.0,21587.0,299.66,239.96
1154,2006-10-19 01:00,75733.0,21203.0,24.14,238.84
1155,2006-10-19 02:00,74901.0,21025.0,23.42,240.46
1156,2006-10-19 03:00,74930.0,20929.0,29.65,242.71
1157,2006-10-19 04:00,76253.0,20988.0,102.57,0.0
1158,2006-10-19 05:00,78813.0,21213.0,392.96,245.57
1159,2006-10-19 06:00,83404.0,21807.0,476.02,211.09
1160,2006-10-19 07:00,87568.0,22480.0,520.2,0.0
1161,2006-10-19 08:00,90683.0,23012.0,582.11,0.0
1162,2006-10-19 09:00,92051.0,23272.0,582.55,0.0
1163,2006-10-19 10:00,92225.0,23439.0,565.46,20.4
1164,2006-10-19 11:00,91654.0,23241.0,543.5,20.35
1165,2006-10-19 12:00,91098.0,23053.0,535.41,20.24
1166,2006-10-19 13:00,91158.0,23026.0,536.08,19.65
1167,2006-10-19 14:00,90701.0,22977.0,547.83,0.0
1168,2006-10-19 15:00,90052.0,22966.0,539.08,0.0
1169,2006-10-19 16:00,89898.0,22983.0,533.65,0.0
1170,2006-10-19 17:00,91096.0,23150.0,565.13,0.0
1171,2006-10-19 18:00,93274.0,23477.0,671.54,0.03
1172,2006-10-19 19:00,94190.0,23839.0,693.94,0.06
1173,2006-10-19 20:00,92802.0,23873.0,581.46,0.07
1174,2006-10-19 21:00,89548.0,23641.0,537.21,19.9
1175,2006-10-19 22:00,84879.0,22991.0,521.41,20.11
1176,2006-10-19 23:00,81233.0,22234.0,444.94,240.89
1177,2006-10-20 00:00,78372.0,21628.0,383.81,242.67
1178,2006-10-20 01:00,76567.0,21257.0,223.54,240.61
1179,2006-10-20 02:00,75520.0,21059.0,213.68,240.7
1180,2006-10-20 03:00,75485.0,21008.0,211.04,242.62
1181,2006-10-20 04:00,76827.0,20794.0,232.98,244.36
1182,2006-10-20 05:00,79365.0,21033.0,368.67,247.25
1183,2006-10-20 06:00,84910.0,21613.0,563.96,244.6
1184,2006-10-20 07:00,87978.0,22374.0,592.83,245.82
1185,2006-10-20 08:00,91358.0,22921.0,596.59,0.0
1186,2006-10-20 09:00,92781.0,23287.0,599.78,0.0
1187,2006-10-20 10:00,92906.0,23358.0,618.94,20.0
1188,2006-10-20 11:00,92050.0,23273.0,603.44,20.27
1189,2006-10-20 12:00,91454.0,23116.0,619.65,20.02
1190,2006-10-20 13:00,91519.0,23024.0,741.8,37.9
1191,2006-10-20 14:00,91017.0,23023.0,738.84,248.36
1192,2006-10-20 15:00,90454.0,23048.0,658.67,245.76
1193,2006-10-20 16:00,90284.0,23065.0,586.99,244.83
1194,2006-10-20 17:00,91200.0,23208.0,569.76,209.16
1195,2006-10-20 18:00,93670.0,23546.0,553.55,250.88
1196,2006-10-20 19:00,94664.0,23903.0,562.01,215.14
1197,2006-10-20 20:00,93272.0,23992.0,568.07,216.84
1198,2006-10-20 21:00,89809.0,23729.0,540.44,217.99
1199,2006-10-20 22:00,85357.0,23138.0,523.65,248.35
1200,2006-10-20 23:00,81841.0,22334.0,471.4,241.52
1201,2006-10-21 00:00,78498.0,21791.0,403.53,0.0
1202,2006-10-21 01:00,76289.0,21270.0,348.28,238.89
1203,2006-10-21 02:00,75523.0,20975.0,304.9,240.22
1204,2006-10-21 03:00,75239.0,20876.0,264.84,242.45
1205,2006-10-21 04:00,75902.0,20818.0,296.46,242.34
1206,2006-10-21 05:00,77085.0,20909.0,331.4,244.78
1207,2006-10-21 06:00,78804.0,21188.0,401.66,243.59
1208,2006-10-21 07:00,80927.0,21674.0,410.71,245.37
1209,2006-10-21 08:00,82808.0,22100.0,443.16,0.0
1210,2006-10-21 09:00,83980.0,22525.0,435.22,0.0
1211,2006-10-21 10:00,84309.0,22790.0,443.47,0.0
1212,2006-10-21 11:00,84149.0,22737.0,443.42,0.0
1213,2006-10-21 12:00,83599.0,22650.0,440.83,18.58
1214,2006-10-21 13:00,83322.0,22603.0,426.28,0.0
1215,2006-10-21 14:00,83012.0,22600.0,418.23,0.0
1216,2006-10-21 15:00,83061.0,22550.0,437.13,0.0
1217,2006-10-21 16:00,84284.0,22603.0,500.95,0.0
1218,2006-10-21 17:00,86170.0,22845.0,561.86,0.0
1219,2006-10-21 18:00,89206.0,23250.0,572.92,11.28
1220,2006-10-21 19:00,90865.0,23598.0,604.83,247.7
1221,2006-10-21 20:00,89465.0,23758.0,562.5,250.66
1222,2006-10-21 21:00,86663.0,23587.0,522.71,250.23
1223,2006-10-21 22:00,82811.0,23054.0,445.39,19.63
1224,2006-10-21 23:00,79004.0,22317.0,386.8,0.0
1225,2006-10-22 00:00,77634.0,21512.0,416.52,0.0
1226,2006-10-22 01:00,75894.0,21048.0,398.16,0.0
1227,2006-10-22 02:00,74773.0,20724.0,387.62,0.0
1228,2006-10-22 03:00,74385.0,20594.0,325.12,0.0
1229,2006-10-22 04:00,75002.0,20565.0,298.73,0.0
1230,2006-10-22 05:00,76029.0,20724.0,317.43,0.0
1231,2006-10-22 06:00,77169.0,21000.0,377.75,0.0
1232,2006-10-22 07:00,77898.0,21365.0,395.18,0.0
1233,2006-10-22 08:00,79658.0,21763.0,355.55,0.0
1234,2006-10-22 09:00,81289.0,22164.0,403.32,0.03
1235,2006-10-22 10:00,81851.0,22500.0,403.43,0.01
1236,2006-10-22 11:00,81896.0,22522.0,416.13,0.01
1237,2006-10-22 12:00,81488.0,22421.0,422.96,0.01
1238,2006-10-22 13:00,81412.0,22388.0,413.76,201.45
1239,2006-10-22 14:00,81542.0,22406.0,410.68,205.17
1240,2006-10-22 15:00,81970.0,22322.0,423.13,197.52
1241,2006-10-22 16:00,83422.0,22459.0,492.77,245.88
1242,2006-10-22 17:00,85831.0,22740.0,548.5,245.99
1243,2006-10-22 18:00,89457.0,23252.0,608.65,250.54
1244,2006-10-22 19:00,91004.0,23615.0,711.27,251.41
1245,2006-10-22 20:00,89533.0,23742.0,633.1,19.56
1246,2006-10-22 21:00,87023.0,23392.0,565.83,20.09
1247,2006-10-22 22:00,83433.0,22956.0,508.82,242.83
1248,2006-10-22 23:00,79415.0,22337.0,435.7,0.0
1249,2006-10-23 00:00,77756.0,21486.0,409.13,244.54
1250,2006-10-23 01:00,76056.0,21059.0,356.02,241.18
1251,2006-10-23 02:00,75158.0,20839.0,326.83,240.99
1252,2006-10-23 03:00,75185.0,20721.0,332.84,241.97
1253,2006-10-23 04:00,76235.0,20753.0,339.03,242.67
1254,2006-10-23 05:00,78815.0,21073.0,414.39,243.85
1255,2006-10-23 06:00,84411.0,21664.0,555.67,246.73
1256,2006-10-23 07:00,87836.0,22395.0,521.4,247.92
1257,2006-10-23 08:00,91359.0,23037.0,580.88,248.31
1258,2006-10-23 09:00,92924.0,23345.0,562.24,250.06
1259,2006-10-23 10:00,93055.0,23482.0,713.66,255.3
1260,2006-10-23 11:00,92304.0,23328.0,873.36,252.09
1261,2006-10-23 12:00,91675.0,23153.0,872.9,251.19
1262,2006-10-23 13:00,91726.0,22866.0,859.83,0.0
1263,2006-10-23 14:00,91254.0,22878.0,864.55,0.0
1264,2006-10-23 15:00,90749.0,22809.0,641.22,0.0
1265,2006-10-23 16:00,90561.0,22812.0,569.63,20.2
1266,2006-10-23 17:00,91523.0,22967.0,571.49,196.13
1267,2006-10-23 18:00,94244.0,23582.0,561.5,251.73
1268,2006-10-23 19:00,95194.0,23983.0,568.13,218.1
1269,2006-10-23 20:00,93777.0,23959.0,561.85,221.28
1270,2006-10-23 21:00,90434.0,23751.0,547.89,219.74
1271,2006-10-23 22:00,85705.0,22923.0,468.31,246.09
1272,2006-10-23 23:00,82241.0,22339.0,441.75,246.79
1273,2006-10-24 00:00,78410.0,21555.0,396.8,242.95
1274,2006-10-24 01:00,76457.0,21103.0,262.04,240.63
1275,2006-10-24 02:00,75587.0,20879.0,188.66,241.96
1276,2006-10-24 03:00,75697.0,20748.0,102.11,243.08
1277,2006-10-24 04:00,76887.0,20800.0,144.62,244.98
1278,2006-10-24 05:00,79598.0,21388.0,402.3,298.53
1279,2006-10-24 06:00,83946.0,22023.0,462.15,296.46
1280,2006-10-24 07:00,88465.0,22348.0,542.38,29.94
1281,2006-10-24 08:00,91405.0,22981.0,534.51,29.39
1282,2006-10-24 09:00,92718.0,23395.0,549.41,258.16
1283,2006-10-24 10:00,92595.0,23556.0,511.1,264.44
1284,2006-10-24 11:00,91698.0,23504.0,477.52,294.01
1285,2006-10-24 12:00,90881.0,23628.0,489.7,302.72
1286,2006-10-24 13:00,90937.0,23516.0,494.92,300.25
1287,2006-10-24 14:00,90322.0,23535.0,516.97,301.72
1288,2006-10-24 15:00,89567.0,23528.0,515.81,302.01
1289,2006-10-24 16:00,89629.0,23558.0,533.31,297.61
1290,2006-10-24 17:00,90837.0,23616.0,556.65,300.27
1291,2006-10-24 18:00,93396.0,24022.0,594.53,311.58
1292,2006-10-24 19:00,94454.0,24416.0,626.27,313.56
1293,2006-10-24 20:00,92872.0,24420.0,571.4,308.07
1294,2006-10-24 21:00,89248.0,24102.0,547.78,299.29
1295,2006-10-24 22:00,84965.0,23523.0,484.33,297.8
1296,2006-10-24 23:00,81447.0,22764.0,427.75,297.63
1297,2006-10-25 00:00,77990.0,21915.0,401.53,0.0
1298,2006-10-25 01:00,76173.0,21594.0,389.36,0.0
1299,2006-10-25 02:00,75294.0,21419.0,375.57,0.0
1300,2006-10-25 03:00,75365.0,21353.0,367.98,0.0
1301,2006-10-25 04:00,76639.0,21435.0,394.43,0.0
1302,2006-10-25 05:00,79371.0,21722.0,428.1,0.0
1303,2006-10-25 06:00,84592.0,22225.0,571.32,0.0
1304,2006-10-25 07:00,88100.0,23137.0,608.99,240.27
1305,2006-10-25 08:00,91130.0,23743.0,1038.39,256.79
1306,2006-10-25 09:00,92546.0,24018.0,1225.22,258.67
1307,2006-10-25 10:00,92683.0,24100.0,607.83,260.83
1308,2006-10-25 11:00,91876.0,23966.0,592.66,260.51
1309,2006-10-25 12:00,91230.0,23774.0,591.77,255.96
1310,2006-10-25 13:00,91147.0,23688.0,1162.82,256.87
1311,2006-10-25 14:00,90295.0,23658.0,580.85,255.94
1312,2006-10-25 15:00,89476.0,23619.0,580.28,256.71
1313,2006-10-25 16:00,89354.0,23695.0,584.68,254.16
1314,2006-10-25 17:00,90199.0,23889.0,557.33,31.0
1315,2006-10-25 18:00,92785.0,24347.0,533.59,32.77
1316,2006-10-25 19:00,93931.0,24616.0,558.15,30.36
1317,2006-10-25 20:00,92327.0,24580.0,548.42,30.61
1318,2006-10-25 21:00,88723.0,24279.0,539.65,20.09
1319,2006-10-25 22:00,84307.0,23643.0,508.66,19.88
1320,2006-10-25 23:00,80752.0,22866.0,444.01,0.0
1321,2006-10-26 00:00,77231.0,22013.0,404.01,245.73
1322,2006-10-26 01:00,75427.0,21611.0,386.72,293.82
1323,2006-10-26 02:00,74593.0,21355.0,365.16,300.04
1324,2006-10-26 03:00,74561.0,21303.0,352.92,301.3
1325,2006-10-26 04:00,75840.0,21397.0,379.81,300.45
1326,2006-10-26 05:00,78380.0,21774.0,430.34,295.44
1327,2006-10-26 06:00,84084.0,22263.0,567.67,255.29
1328,2006-10-26 07:00,87491.0,23189.0,519.02,285.93
1329,2006-10-26 08:00,90513.0,23763.0,538.34,287.04
1330,2006-10-26 09:00,91614.0,24078.0,535.33,290.13
1331,2006-10-26 10:00,91355.0,24106.0,513.7,204.5
1332,2006-10-26 11:00,90454.0,23929.0,510.18,204.56
1333,2006-10-26 12:00,89530.0,23725.0,498.79,204.78
1334,2006-10-26 13:00,89491.0,23632.0,514.12,205.1
1335,2006-10-26 14:00,89118.0,23600.0,517.26,290.68
1336,2006-10-26 15:00,88668.0,23564.0,509.06,294.07
1337,2006-10-26 16:00,88787.0,23670.0,484.94,302.42
1338,2006-10-26 17:00,89592.0,23851.0,552.62,318.61
1339,2006-10-26 18:00,92602.0,24299.0,560.28,319.98
1340,2006-10-26 19:00,93342.0,24624.0,560.26,315.13
1341,2006-10-26 20:00,91795.0,24598.0,546.05,311.25
1342,2006-10-26 21:00,88454.0,24261.0,541.06,306.33
1343,2006-10-26 22:00,83757.0,23625.0,474.12,304.14
1344,2006-10-26 23:00,80019.0,22635.0,414.06,290.69
1345,2006-10-27 00:00,76754.0,21900.0,396.42,246.93
1346,2006-10-27 01:00,74968.0,21525.0,310.64,250.84
1347,2006-10-27 02:00,74248.0,21242.0,245.65,249.17
1348,2006-10-27 03:00,74180.0,21162.0,239.03,248.58
1349,2006-10-27 04:00,75531.0,21290.0,163.79,249.57
1350,2006-10-27 05:00,77775.0,21621.0,194.33,252.01
1351,2006-10-27 06:00,83442.0,22250.0,528.33,289.41
1352,2006-10-27 07:00,86572.0,22915.0,500.82,292.42
1353,2006-10-27 08:00,89796.0,23568.0,475.4,310.89
1354,2006-10-27 09:00,90906.0,23880.0,477.93,312.95
1355,2006-10-27 10:00,90870.0,23980.0,504.87,312.09
1356,2006-10-27 11:00,89817.0,23919.0,479.25,311.01
1357,2006-10-27 12:00,88880.0,23743.0,467.96,309.84
1358,2006-10-27 13:00,88699.0,23609.0,507.42,312.74
1359,2006-10-27 14:00,88134.0,23634.0,481.69,314.38
1360,2006-10-27 15:00,87509.0,23631.0,464.18,309.37
1361,2006-10-27 16:00,87380.0,23662.0,463.55,313.47
1362,2006-10-27 17:00,89099.0,23774.0,476.95,309.82
1363,2006-10-27 18:00,91737.0,24187.0,474.12,317.87
1364,2006-10-27 19:00,92386.0,24490.0,476.35,313.22
1365,2006-10-27 20:00,90673.0,24467.0,477.51,306.05
1366,2006-10-27 21:00,87497.0,24199.0,476.16,301.62
1367,2006-10-27 22:00,83067.0,23459.0,510.46,303.82
1368,2006-10-27 23:00,79552.0,22515.0,441.0,249.42
1369,2006-10-28 00:00,76976.0,21729.0,412.04,246.74
1370,2006-10-28 01:00,75092.0,21190.0,383.73,244.05
1371,2006-10-28 02:00,74209.0,20927.0,346.86,243.25
1372,2006-10-28 03:00,73891.0,20825.0,315.45,243.52
1373,2006-10-28 04:00,74407.0,20872.0,339.45,245.0
1374,2006-10-28 05:00,75379.0,20996.0,351.59,242.36
1375,2006-10-28 06:00,77278.0,21451.0,367.25,241.05
1376,2006-10-28 07:00,79478.0,21892.0,406.79,241.96
1377,2006-10-28 08:00,81196.0,22323.0,425.76,241.86
1378,2006-10-28 09:00,82916.0,22728.0,437.82,243.18
1379,2006-10-28 10:00,83292.0,23017.0,460.09,243.55
1380,2006-10-28 11:00,83419.0,23029.0,469.39,243.7
1381,2006-10-28 12:00,82929.0,22956.0,458.45,242.73
1382,2006-10-28 13:00,82449.0,22830.0,463.26,239.73
1383,2006-10-28 14:00,82132.0,22779.0,461.23,240.57
1384,2006-10-28 15:00,82163.0,22756.0,457.9,241.11
1385,2006-10-28 16:00,83307.0,22882.0,498.66,243.12
1386,2006-10-28 17:00,85659.0,23072.0,507.11,243.53
1387,2006-10-28 18:00,89033.0,23542.0,548.1,247.61
1388,2006-10-28 19:00,89778.0,23926.0,560.65,249.81
1389,2006-10-28 20:00,88193.0,23949.0,543.17,247.99
1390,2006-10-28 21:00,85447.0,23696.0,501.05,247.65
1391,2006-10-28 22:00,81906.0,22933.0,464.76,192.6
1392,2006-10-28 23:00,78149.0,22339.0,421.63,239.03
1393,2006-10-29 00:00,75872.0,21566.0,389.72,243.88
1394,2006-10-29 01:00,73953.0,21206.0,324.41,241.76
1395,2006-10-29 02:00,72768.0,20890.0,232.85,242.53
1396,2006-10-29 03:00,72512.0,20842.0,221.73,244.2
1397,2006-10-29 04:00,72978.0,20877.0,234.25,245.91
1398,2006-10-29 05:00,74019.0,20982.0,314.35,245.37
1399,2006-10-29 06:00,75015.0,21163.0,317.58,245.95
1400,2006-10-29 07:00,75719.0,21377.0,95.87,0.01
1401,2006-10-29 08:00,77762.0,21823.0,115.37,248.71
1402,2006-10-29 09:00,79455.0,22248.0,311.42,248.2
1403,2006-10-29 10:00,80186.0,22603.0,382.0,249.26
1404,2006-10-29 11:00,80075.0,22658.0,390.02,246.94
1405,2006-10-29 12:00,79647.0,22578.0,384.66,247.18
1406,2006-10-29 13:00,79783.0,22453.0,387.23,243.48
1407,2006-10-29 14:00,79782.0,22450.0,384.2,244.17
1408,2006-10-29 15:00,81837.0,22445.0,443.55,244.5
1409,2006-10-29 16:00,84579.0,22713.0,484.51,250.61
1410,2006-10-29 17:00,88383.0,23085.0,573.58,250.82
1411,2006-10-29 18:00,88639.0,23732.0,545.3,251.96
1412,2006-10-29 19:00,88874.0,24022.0,549.35,252.46
1413,2006-10-29 20:00,87473.0,23911.0,526.03,250.66
1414,2006-10-29 21:00,84704.0,23643.0,473.41,248.86
1415,2006-10-29 22:00,81166.0,22706.0,456.78,18.91
1416,2006-10-29 23:00,78423.0,22303.0,424.06,242.51
1417,2006-10-30 00:00,76424.0,21531.0,392.68,244.9
1418,2006-10-30 01:00,74564.0,21085.0,71.08,248.23
1419,2006-10-30 02:00,73669.0,20769.0,70.84,231.61
1420,2006-10-30 03:00,73625.0,20655.0,70.24,249.49
1421,2006-10-30 04:00,74715.0,20772.0,71.14,249.56
1422,2006-10-30 05:00,77734.0,21081.0,405.83,251.06
1423,2006-10-30 06:00,83201.0,21700.0,454.37,250.54
1424,2006-10-30 07:00,86860.0,22643.0,473.09,282.63
1425,2006-10-30 08:00,90172.0,22913.0,512.63,245.79
1426,2006-10-30 09:00,91429.0,23280.0,522.0,249.6
1427,2006-10-30 10:00,91471.0,23371.0,487.56,252.65
1428,2006-10-30 11:00,90612.0,23264.0,517.76,251.85
1429,2006-10-30 12:00,89918.0,23105.0,535.03,250.47
1430,2006-10-30 13:00,90060.0,23231.0,636.38,253.92
1431,2006-10-30 14:00,89486.0,23142.0,558.23,252.07
1432,2006-10-30 15:00,89322.0,23119.0,553.43,255.38
1433,2006-10-30 16:00,89975.0,23230.0,530.03,259.68
1434,2006-10-30 17:00,92742.0,23506.0,561.84,256.75
1435,2006-10-30 18:00,93652.0,24030.0,519.49,258.16
1436,2006-10-30 19:00,93208.0,24223.0,498.97,224.87
1437,2006-10-30 20:00,91201.0,24075.0,476.11,230.51
1438,2006-10-30 21:00,87829.0,23775.0,470.33,227.2
1439,2006-10-30 22:00,83266.0,23194.0,461.22,257.55
1440,2006-10-30 23:00,79836.0,22368.0,416.43,282.91
1441,2006-10-31 00:00,77504.0,21363.0,394.93,295.64
1442,2006-10-31 01:00,75639.0,20901.0,50.87,298.57
1443,2006-10-31 02:00,74801.0,20707.0,50.26,302.18
1444,2006-10-31 03:00,74787.0,20698.0,50.35,302.63
1445,2006-10-31 04:00,75995.0,20812.0,152.6,303.09
1446,2006-10-31 05:00,78565.0,21117.0,396.78,303.42
1447,2006-10-31 06:00,83903.0,21629.0,499.57,297.97
1448,2006-10-31 07:00,86856.0,22344.0,458.76,295.19
1449,2006-10-31 08:00,90102.0,23035.0,446.03,300.38
1450,2006-10-31 09:00,91564.0,23414.0,473.99,301.35
1451,2006-10-31 10:00,91493.0,23412.0,503.6,296.31
1452,2006-10-31 11:00,90799.0,23303.0,476.81,293.85
1453,2006-10-31 12:00,90045.0,23087.0,485.58,292.6
1454,2006-10-31 13:00,89955.0,23070.0,465.89,291.83
1455,2006-10-31 14:00,89691.0,23020.0,450.8,292.81
1456,2006-10-31 15:00,89405.0,23024.0,453.18,293.33
1457,2006-10-31 16:00,90388.0,23233.0,464.86,302.28
1458,2006-10-31 17:00,92541.0,23530.0,472.73,302.05
1459,2006-10-31 18:00,93577.0,24101.0,488.5,321.87
1460,2006-10-31 19:00,93465.0,24228.0,474.01,303.81
1461,2006-10-31 20:00,91393.0,23922.0,465.77,297.14
1462,2006-10-31 21:00,88120.0,23559.0,460.78,297.0
1463,2006-10-31 22:00,83801.0,22832.0,452.19,293.1
1464,2006-10-31 23:00,80462.0,22075.0,412.77,307.4
1465,2006-11-01 00:00,79038.0,21261.0,264.44,0.0
1466,2006-11-01 01:00,78151.0,20833.0,248.23,0.0
1467,2006-11-01 02:00,77404.0,20609.0,233.92,0.0
1468,2006-11-01 03:00,77353.0,20530.0,234.21,0.0
1469,2006-11-01 04:00,77295.0,20619.0,165.78,0.0
1470,2006-11-01 05:00,79741.0,20940.0,180.84,0.0
1471,2006-11-01 06:00,83799.0,21521.0,427.83,0.0
1472,2006-11-01 07:00,87973.0,22267.0,454.82,0.0
1473,2006-11-01 08:00,90830.0,22808.0,498.45,251.58
1474,2006-11-01 09:00,92275.0,23143.0,511.84,264.89
1475,2006-11-01 10:00,92441.0,23192.0,547.93,268.49
1476,2006-11-01 11:00,91495.0,23111.0,514.71,255.05
1477,2006-11-01 12:00,90760.0,22923.0,493.17,254.6
1478,2006-11-01 13:00,91158.0,22812.0,536.77,252.84
1479,2006-11-01 14:00,91171.0,22795.0,514.62,263.11
1480,2006-11-01 15:00,91084.0,22825.0,499.98,277.33
1481,2006-11-01 16:00,92743.0,23073.0,543.74,309.87
1482,2006-11-01 17:00,94542.0,23404.0,544.34,284.16
1483,2006-11-01 18:00,95124.0,23888.0,587.29,262.06
1484,2006-11-01 19:00,94547.0,24032.0,506.35,248.59
1485,2006-11-01 20:00,92353.0,23769.0,507.15,217.99
1486,2006-11-01 21:00,88576.0,23413.0,466.48,250.51
1487,2006-11-01 22:00,84023.0,22693.0,443.73,257.9
1488,2006-11-01 23:00,80910.0,21972.0,256.23,298.08
1489,2006-11-02 00:00,80520.0,21159.0,385.67,0.0
1490,2006-11-02 01:00,79016.0,20697.0,272.67,0.0
1491,2006-11-02 02:00,78207.0,20543.0,278.54,0.0
1492,2006-11-02 03:00,78170.0,20506.0,287.69,0.0
1493,2006-11-02 04:00,78940.0,20549.0,321.55,0.0
1494,2006-11-02 05:00,80094.0,20842.0,378.5,98.25
1495,2006-11-02 06:00,83624.0,21437.0,444.24,0.0
1496,2006-11-02 07:00,87684.0,22221.0,462.08,0.0
1497,2006-11-02 08:00,90479.0,22786.0,483.19,0.0
1498,2006-11-02 09:00,91815.0,23113.0,456.69,0.0
1499,2006-11-02 10:00,91929.0,23154.0,476.08,0.0
1500,2006-11-02 11:00,91075.0,23068.0,501.22,0.0
1501,2006-11-02 12:00,90364.0,22928.0,485.21,0.0
1502,2006-11-02 13:00,90754.0,22826.0,531.36,0.0
1503,2006-11-02 14:00,90867.0,22812.0,504.09,0.0
1504,2006-11-02 15:00,91282.0,22894.0,477.38,0.0
1505,2006-11-02 16:00,92886.0,23105.0,505.31,203.75
1506,2006-11-02 17:00,94886.0,23505.0,584.36,11.43
1507,2006-11-02 18:00,95521.0,23984.0,619.04,10.62
1508,2006-11-02 19:00,94668.0,24018.0,487.69,0.0
1509,2006-11-02 20:00,92750.0,23688.0,482.44,18.21
1510,2006-11-02 21:00,88867.0,23326.0,448.4,18.32
1511,2006-11-02 22:00,84503.0,22759.0,449.21,0.07
1512,2006-11-02 23:00,81462.0,22054.0,420.79,241.38
1513,2006-11-03 00:00,79751.0,21333.0,286.15,0.0
1514,2006-11-03 01:00,78657.0,21079.0,263.41,0.01
1515,2006-11-03 02:00,77883.0,20828.0,264.88,223.45
1516,2006-11-03 03:00,77918.0,20561.0,164.44,226.86
1517,2006-11-03 04:00,77507.0,20502.0,131.81,0.0
1518,2006-11-03 05:00,79742.0,20766.0,325.79,231.24
1519,2006-11-03 06:00,83239.0,21338.0,383.64,253.84
1520,2006-11-03 07:00,87920.0,22053.0,437.32,254.68
1521,2006-11-03 08:00,90760.0,22657.0,488.51,247.07
1522,2006-11-03 09:00,92182.0,22980.0,524.67,251.25
1523,2006-11-03 10:00,92352.0,23136.0,530.9,251.11
1524,2006-11-03 11:00,91343.0,23027.0,494.64,246.79
1525,2006-11-03 12:00,90666.0,22867.0,465.23,247.57
1526,2006-11-03 13:00,90614.0,22843.0,458.07,243.27
1527,2006-11-03 14:00,90578.0,22817.0,481.84,244.22
1528,2006-11-03 15:00,90737.0,22893.0,496.93,244.65
1529,2006-11-03 16:00,92443.0,23176.0,507.52,247.8
1530,2006-11-03 17:00,94611.0,23704.0,480.41,218.78
1531,2006-11-03 18:00,95264.0,24083.0,482.54,218.99
1532,2006-11-03 19:00,94200.0,24106.0,519.51,215.86
1533,2006-11-03 20:00,92322.0,23754.0,512.74,215.34
1534,2006-11-03 21:00,88812.0,23458.0,456.97,250.75
1535,2006-11-03 22:00,84265.0,22895.0,441.06,242.44
1536,2006-11-03 23:00,81124.0,22294.0,414.02,242.35
1537,2006-11-04 00:00,79399.0,21726.0,399.7,0.0
1538,2006-11-04 01:00,78135.0,21296.0,290.5,0.0
1539,2006-11-04 02:00,77250.0,21119.0,272.67,0.0
1540,2006-11-04 03:00,76725.0,20815.0,271.16,0.0
1541,2006-11-04 04:00,77219.0,20742.0,272.25,0.0
1542,2006-11-04 05:00,78308.0,20935.0,337.91,0.0
1543,2006-11-04 06:00,78771.0,21289.0,290.52,0.0
1544,2006-11-04 07:00,80072.0,21633.0,388.43,0.0
1545,2006-11-04 08:00,81578.0,21984.0,396.09,0.0
1546,2006-11-04 09:00,83332.0,22308.0,350.04,0.0
1547,2006-11-04 10:00,84055.0,22481.0,363.74,0.0
1548,2006-11-04 11:00,84198.0,22461.0,392.69,0.0
1549,2006-11-04 12:00,83786.0,22471.0,395.6,0.0
1550,2006-11-04 13:00,83428.0,22493.0,399.36,0.0
1551,2006-11-04 14:00,83518.0,22509.0,396.47,0.0
1552,2006-11-04 15:00,84538.0,22640.0,397.95,0.0
1553,2006-11-04 16:00,86627.0,22928.0,416.61,11.51
1554,2006-11-04 17:00,90015.0,23407.0,473.27,11.23
1555,2006-11-04 18:00,90802.0,23889.0,466.68,11.09
1556,2006-11-04 19:00,90336.0,23827.0,452.75,10.27
1557,2006-11-04 20:00,88482.0,23558.0,470.08,0.0
1558,2006-11-04 21:00,85913.0,23193.0,432.07,0.0
1559,2006-11-04 22:00,82351.0,22756.0,395.8,0.0
1560,2006-11-04 23:00,78780.0,22254.0,396.58,0.0
1561,2006-11-05 00:00,78853.0,21724.0,361.14,0.0
1562,2006-11-05 01:00,77024.0,21358.0,250.07,0.0
1563,2006-11-05 02:00,76080.0,21087.0,110.21,0.0
1564,2006-11-05 03:00,75893.0,20790.0,92.83,0.0
1565,2006-11-05 04:00,76067.0,20709.0,112.68,0.0
1566,2006-11-05 05:00,77002.0,20775.0,140.01,0.0
1567,2006-11-05 06:00,78149.0,21090.0,290.23,0.0
1568,2006-11-05 07:00,78615.0,21414.0,149.27,0.0
1569,2006-11-05 08:00,79045.0,21748.0,286.76,0.0
1570,2006-11-05 09:00,80828.0,21972.0,283.27,0.0
1571,2006-11-05 10:00,81613.0,22210.0,317.91,0.0
1572,2006-11-05 11:00,81836.0,22237.0,321.94,0.0
1573,2006-11-05 12:00,81728.0,22137.0,333.77,0.0
1574,2006-11-05 13:00,81685.0,22270.0,336.72,0.0
1575,2006-11-05 14:00,82033.0,22316.0,332.42,0.0
1576,2006-11-05 15:00,82989.0,22378.0,396.45,0.0
1577,2006-11-05 16:00,85839.0,22726.0,422.42,11.41
1578,2006-11-05 17:00,89477.0,23402.0,488.88,11.28
1579,2006-11-05 18:00,90629.0,23931.0,483.52,10.92
1580,2006-11-05 19:00,90016.0,23896.0,468.75,27.97
1581,2006-11-05 20:00,88342.0,23694.0,466.0,17.68
1582,2006-11-05 21:00,85538.0,23346.0,420.64,17.5
1583,2006-11-05 22:00,81740.0,22824.0,400.8,0.0
1584,2006-11-05 23:00,78067.0,22329.0,269.09,0.0
1585,2006-11-06 00:00,78043.0,21855.0,285.34,0.0
1586,2006-11-06 01:00,77123.0,21521.0,254.38,0.0
1587,2006-11-06 02:00,76320.0,21292.0,251.1,0.0
1588,2006-11-06 03:00,75982.0,20909.0,238.47,0.0
1589,2006-11-06 04:00,76284.0,20829.0,239.96,0.0
1590,2006-11-06 05:00,77191.0,20932.0,144.71,0.0
1591,2006-11-06 06:00,79009.0,21237.0,351.25,0.0
1592,2006-11-06 07:00,78539.0,21554.0,272.3,0.0
1593,2006-11-06 08:00,80252.0,21908.0,352.09,0.0
1594,2006-11-06 09:00,81952.0,22250.0,325.29,0.0
1595,2006-11-06 10:00,82752.0,22457.0,403.03,0.0
1596,2006-11-06 11:00,82694.0,22461.0,381.64,0.0
1597,2006-11-06 12:00,82562.0,22336.0,410.15,0.0
1598,2006-11-06 13:00,82566.0,22278.0,409.98,0.0
1599,2006-11-06 14:00,82896.0,22315.0,400.18,0.0
1600,2006-11-06 15:00,83772.0,22500.0,413.42,0.0
1601,2006-11-06 16:00,87979.0,22819.0,470.05,11.63
1602,2006-11-06 17:00,90221.0,23454.0,491.03,108.97
1603,2006-11-06 18:00,91122.0,24022.0,492.98,245.71
1604,2006-11-06 19:00,90404.0,23930.0,475.01,245.43
1605,2006-11-06 20:00,88609.0,23686.0,465.44,242.64
1606,2006-11-06 21:00,85879.0,23301.0,451.22,0.0
1607,2006-11-06 22:00,82136.0,22797.0,438.28,0.0
1608,2006-11-06 23:00,79305.0,22252.0,407.95,0.0
1609,2006-11-07 00:00,79226.0,21794.0,381.1,0.0
1610,2006-11-07 01:00,77614.0,21353.0,263.57,0.0
1611,2006-11-07 02:00,76402.0,21186.0,247.38,0.0
1612,2006-11-07 03:00,76520.0,20905.0,244.75,0.0
1613,2006-11-07 04:00,77923.0,20899.0,259.76,0.0
1614,2006-11-07 05:00,81222.0,21245.0,356.43,0.0
1615,2006-11-07 06:00,84412.0,21693.0,456.92,0.0
1616,2006-11-07 07:00,88403.0,22385.0,500.22,0.0
1617,2006-11-07 08:00,90454.0,23001.0,500.66,0.0
1618,2006-11-07 09:00,92411.0,23181.0,479.82,0.0
1619,2006-11-07 10:00,92746.0,23184.0,523.68,0.0
1620,2006-11-07 11:00,91947.0,22965.0,483.43,0.0
1621,2006-11-07 12:00,91285.0,22816.0,470.01,0.0
1622,2006-11-07 13:00,91567.0,22740.0,495.65,0.0
1623,2006-11-07 14:00,91761.0,22789.0,477.31,0.0
1624,2006-11-07 15:00,92206.0,22859.0,472.21,0.0
1625,2006-11-07 16:00,94297.0,23097.0,515.63,11.87
1626,2006-11-07 17:00,96121.0,23561.0,529.73,11.58
1627,2006-11-07 18:00,96188.0,24223.0,532.33,11.28
1628,2006-11-07 19:00,94927.0,24340.0,541.87,108.22
1629,2006-11-07 20:00,92774.0,24091.0,501.11,0.0
1630,2006-11-07 21:00,89326.0,23641.0,486.9,0.0
1631,2006-11-07 22:00,84782.0,23047.0,433.69,0.0
1632,2006-11-07 23:00,81443.0,22357.0,404.25,0.0
1633,2006-11-08 00:00,80671.0,21602.0,269.46,0.0
1634,2006-11-08 01:00,79227.0,21124.0,244.92,0.0
1635,2006-11-08 02:00,78468.0,20884.0,241.9,0.0
1636,2006-11-08 03:00,78525.0,20768.0,235.91,0.0
1637,2006-11-08 04:00,79801.0,20814.0,290.42,105.57
1638,2006-11-08 05:00,81716.0,21157.0,187.16,105.99
1639,2006-11-08 06:00,85311.0,21778.0,673.62,106.98
1640,2006-11-08 07:00,89653.0,22389.0,698.97,0.0
1641,2006-11-08 08:00,92637.0,22973.0,531.4,0.0
1642,2006-11-08 09:00,94526.0,23279.0,572.72,251.38
1643,2006-11-08 10:00,94807.0,23349.0,591.48,102.36
1644,2006-11-08 11:00,93825.0,23299.0,576.22,247.39
1645,2006-11-08 12:00,93169.0,23145.0,555.57,246.36
1646,2006-11-08 13:00,93081.0,23103.0,540.38,246.62
1647,2006-11-08 14:00,93300.0,23138.0,582.83,247.08
1648,2006-11-08 15:00,93771.0,23167.0,597.3,248.01
1649,2006-11-08 16:00,95758.0,23449.0,582.49,248.26
1650,2006-11-08 17:00,97604.0,23898.0,576.65,213.49
1651,2006-11-08 18:00,97516.0,24455.0,614.46,209.5
1652,2006-11-08 19:00,96301.0,24442.0,651.29,208.97
1653,2006-11-08 20:00,94271.0,24117.0,690.05,101.15
1654,2006-11-08 21:00,90672.0,23687.0,568.52,246.83
1655,2006-11-08 22:00,85810.0,23105.0,465.19,245.27
1656,2006-11-08 23:00,82624.0,22414.0,414.33,249.59
1657,2006-11-09 00:00,80951.0,21772.0,260.85,100.08
1658,2006-11-09 01:00,79509.0,21401.0,225.31,101.54
1659,2006-11-09 02:00,79066.0,21187.0,225.27,102.23
1660,2006-11-09 03:00,78972.0,21151.0,221.9,102.72
1661,2006-11-09 04:00,79825.0,21222.0,230.35,0.0
1662,2006-11-09 05:00,82121.0,21552.0,305.58,0.0
1663,2006-11-09 06:00,85171.0,22107.0,429.41,94.98
1664,2006-11-09 07:00,89491.0,22731.0,493.17,249.84
1665,2006-11-09 08:00,92700.0,23268.0,527.12,251.48
1666,2006-11-09 09:00,94847.0,23526.0,537.6,251.29
1667,2006-11-09 10:00,95172.0,23550.0,550.91,162.92
1668,2006-11-09 11:00,94291.0,23400.0,546.59,163.97
1669,2006-11-09 12:00,93694.0,23221.0,515.8,163.68
1670,2006-11-09 13:00,93801.0,23207.0,560.7,163.18
1671,2006-11-09 14:00,94596.0,23200.0,606.94,252.87
1672,2006-11-09 15:00,95194.0,23280.0,839.1,255.59
1673,2006-11-09 16:00,96897.0,23485.0,674.09,245.45
1674,2006-11-09 17:00,98401.0,23922.0,579.25,95.68
1675,2006-11-09 18:00,98449.0,24606.0,563.57,93.09
1676,2006-11-09 19:00,97078.0,24606.0,556.41,229.8
1677,2006-11-09 20:00,94948.0,24316.0,609.32,270.78
1678,2006-11-09 21:00,91553.0,23847.0,512.59,163.84
1679,2006-11-09 22:00,87272.0,23252.0,553.55,163.61
1680,2006-11-09 23:00,83605.0,22530.0,424.02,248.36
1681,2006-11-10 00:00,80680.0,21995.0,261.33,0.0
1682,2006-11-10 01:00,79340.0,21616.0,224.52,0.0
1683,2006-11-10 02:00,78766.0,21391.0,219.21,0.0
1684,2006-11-10 03:00,78710.0,21348.0,212.98,0.0
1685,2006-11-10 04:00,79820.0,21388.0,238.56,0.0
1686,2006-11-10 05:00,82516.0,21715.0,322.81,0.0
1687,2006-11-10 06:00,85585.0,22210.0,461.73,0.0
1688,2006-11-10 07:00,89762.0,22759.0,508.78,0.0
1689,2006-11-10 08:00,92941.0,23339.0,559.6,0.0
1690,2006-11-10 09:00,94853.0,23610.0,579.51,0.0
1691,2006-11-10 10:00,94913.0,23653.0,585.25,0.0
1692,2006-11-10 11:00,93897.0,23549.0,562.65,0.0
1693,2006-11-10 12:00,93206.0,23396.0,549.44,0.0
1694,2006-11-10 13:00,93314.0,23319.0,539.9,0.0
1695,2006-11-10 14:00,93530.0,23303.0,568.93,0.0
1696,2006-11-10 15:00,93883.0,23429.0,568.18,0.0
1697,2006-11-10 16:00,95799.0,23631.0,532.39,0.0
1698,2006-11-10 17:00,97740.0,24234.0,570.06,10.36
1699,2006-11-10 18:00,97828.0,24840.0,666.83,10.35
1700,2006-11-10 19:00,96686.0,24737.0,662.5,10.31
1701,2006-11-10 20:00,94582.0,24478.0,590.87,207.74
1702,2006-11-10 21:00,91216.0,24061.0,562.39,244.51
1703,2006-11-10 22:00,86599.0,23509.0,549.6,244.3
1704,2006-11-10 23:00,83169.0,22707.0,455.72,0.0
1705,2006-11-11 00:00,80607.0,22075.0,405.01,0.0
1706,2006-11-11 01:00,79033.0,21716.0,282.19,0.0
1707,2006-11-11 02:00,78193.0,21433.0,257.14,0.0
1708,2006-11-11 03:00,77937.0,21382.0,209.65,0.0
1709,2006-11-11 04:00,78292.0,21363.0,240.8,0.0
1710,2006-11-11 05:00,78249.0,21471.0,237.19,0.0
1711,2006-11-11 06:00,79039.0,21864.0,258.91,0.0
1712,2006-11-11 07:00,80791.0,22210.0,300.06,0.0
1713,2006-11-11 08:00,82828.0,22628.0,390.12,0.0
1714,2006-11-11 09:00,84490.0,23100.0,393.19,0.0
1715,2006-11-11 10:00,85186.0,23276.0,397.73,0.0
1716,2006-11-11 11:00,85347.0,23242.0,397.65,0.0
1717,2006-11-11 12:00,84952.0,23131.0,388.64,0.0
1718,2006-11-11 13:00,84816.0,23048.0,375.83,0.0
1719,2006-11-11 14:00,84947.0,23020.0,380.07,0.0
1720,2006-11-11 15:00,87285.0,23053.0,434.85,0.0
1721,2006-11-11 16:00,90553.0,23416.0,458.91,157.93
1722,2006-11-11 17:00,93428.0,24068.0,486.25,21.51
1723,2006-11-11 18:00,92614.0,24657.0,475.43,318.41
1724,2006-11-11 19:00,91451.0,24555.0,469.21,320.27
1725,2006-11-11 20:00,89857.0,24321.0,460.89,213.95
1726,2006-11-11 21:00,87260.0,23880.0,452.91,249.27
1727,2006-11-11 22:00,83700.0,23455.0,438.26,157.6
1728,2006-11-11 23:00,80352.0,22735.0,329.43,0.0
1729,2006-11-12 00:00,79732.0,22190.0,343.05,0.0
1730,2006-11-12 01:00,78840.0,21854.0,274.36,0.0
1731,2006-11-12 02:00,78000.0,21524.0,229.67,0.0
1732,2006-11-12 03:00,77655.0,21431.0,216.39,0.0
1733,2006-11-12 04:00,77906.0,21302.0,231.85,0.0
1734,2006-11-12 05:00,78247.0,21374.0,231.18,0.0
1735,2006-11-12 06:00,78389.0,21729.0,237.32,0.0
1736,2006-11-12 07:00,78917.0,21996.0,231.12,0.0
1737,2006-11-12 08:00,80510.0,22371.0,273.72,0.0
1738,2006-11-12 09:00,82463.0,22705.0,284.19,0.0
1739,2006-11-12 10:00,83513.0,22980.0,342.79,0.0
1740,2006-11-12 11:00,83779.0,23061.0,389.12,0.0
1741,2006-11-12 12:00,83594.0,23080.0,341.77,0.0
1742,2006-11-12 13:00,83634.0,22986.0,343.44,0.0
1743,2006-11-12 14:00,84125.0,23006.0,352.04,0.0
1744,2006-11-12 15:00,85551.0,23124.0,389.13,0.0
1745,2006-11-12 16:00,89925.0,23513.0,446.75,0.0
1746,2006-11-12 17:00,92328.0,24240.0,467.58,0.0
1747,2006-11-12 18:00,92694.0,24810.0,482.36,0.0
1748,2006-11-12 19:00,91863.0,24688.0,483.16,0.0
1749,2006-11-12 20:00,89993.0,24295.0,456.9,0.0
1750,2006-11-12 21:00,87481.0,23996.0,443.13,0.0
1751,2006-11-12 22:00,83699.0,23407.0,405.39,0.0
1752,2006-11-12 23:00,81189.0,22751.0,382.83,0.0
1753,2006-11-13 00:00,80138.0,22161.0,261.55,0.0
1754,2006-11-13 01:00,79424.0,21757.0,223.01,0.0
1755,2006-11-13 02:00,78618.0,21553.0,209.6,0.0
1756,2006-11-13 03:00,78696.0,21469.0,86.73,0.0
1757,2006-11-13 04:00,79184.0,21355.0,100.37,0.0
1758,2006-11-13 05:00,80591.0,21612.0,252.15,0.0
1759,2006-11-13 06:00,85610.0,22253.0,426.15,0.0
1760,2006-11-13 07:00,88935.0,22788.0,465.95,0.0
1761,2006-11-13 08:00,92853.0,23423.0,498.69,0.0
1762,2006-11-13 09:00,94749.0,23714.0,506.69,159.63
1763,2006-11-13 10:00,95072.0,23782.0,550.58,242.02
1764,2006-11-13 11:00,94337.0,23825.0,546.07,241.73
1765,2006-11-13 12:00,93770.0,23716.0,529.01,242.76
1766,2006-11-13 13:00,94152.0,23628.0,510.0,244.13
1767,2006-11-13 14:00,94261.0,23668.0,506.09,248.16
1768,2006-11-13 15:00,95139.0,23792.0,523.33,248.63
1769,2006-11-13 16:00,97174.0,24109.0,522.29,250.3
1770,2006-11-13 17:00,98480.0,24626.0,882.98,10.52
1771,2006-11-13 18:00,98364.0,25106.0,665.78,281.39
1772,2006-11-13 19:00,97161.0,24950.0,540.39,10.41
1773,2006-11-13 20:00,95105.0,24642.0,497.92,10.45
1774,2006-11-13 21:00,91701.0,24187.0,505.26,247.37
1775,2006-11-13 22:00,86857.0,23668.0,454.98,0.0
1776,2006-11-13 23:00,83437.0,22870.0,377.84,0.0
1777,2006-11-14 00:00,81653.0,21909.0,406.21,0.0
1778,2006-11-14 01:00,80995.0,21507.0,372.13,0.0
1779,2006-11-14 02:00,80293.0,21302.0,354.09,0.0
1780,2006-11-14 03:00,80370.0,21281.0,348.01,0.0
1781,2006-11-14 04:00,80591.0,21372.0,335.54,0.0
1782,2006-11-14 05:00,81983.0,21666.0,381.61,0.0
1783,2006-11-14 06:00,85938.0,22231.0,420.66,0.0
1784,2006-11-14 07:00,90433.0,22875.0,487.19,0.0
1785,2006-11-14 08:00,93947.0,23404.0,555.74,0.0
1786,2006-11-14 09:00,95843.0,23682.0,570.42,0.0
1787,2006-11-14 10:00,95976.0,23717.0,540.9,0.0
1788,2006-11-14 11:00,95066.0,23771.0,529.2,0.0
1789,2006-11-14 12:00,94494.0,23633.0,541.36,0.0
1790,2006-11-14 13:00,94827.0,23590.0,574.17,0.0
1791,2006-11-14 14:00,94911.0,23652.0,540.07,0.0
1792,2006-11-14 15:00,95677.0,23809.0,541.56,0.0
1793,2006-11-14 16:00,97869.0,24122.0,605.08,12.03
1794,2006-11-14 17:00,99192.0,24680.0,652.44,21.69
1795,2006-11-14 18:00,99040.0,25030.0,614.85,20.81
1796,2006-11-14 19:00,97581.0,24812.0,549.29,10.48
1797,2006-11-14 20:00,95545.0,24452.0,538.29,10.42
1798,2006-11-14 21:00,92193.0,24154.0,539.27,159.05
1799,2006-11-14 22:00,87244.0,23554.0,482.27,0.0
1800,2006-11-14 23:00,83675.0,22821.0,407.83,0.0
1801,2006-11-15 00:00,81756.0,21872.0,378.34,0.0
1802,2006-11-15 01:00,80699.0,21445.0,356.94,0.0
1803,2006-11-15 02:00,79935.0,21259.0,312.33,0.0
1804,2006-11-15 03:00,80060.0,21186.0,274.29,0.0
1805,2006-11-15 04:00,80669.0,21067.0,141.44,0.0
1806,2006-11-15 05:00,82186.0,21326.0,329.22,0.0
1807,2006-11-15 06:00,87199.0,21980.0,417.88,0.0
1808,2006-11-15 07:00,90286.0,22621.0,434.98,0.0
1809,2006-11-15 08:00,93664.0,23184.0,459.86,0.0
1810,2006-11-15 09:00,95377.0,23645.0,461.49,0.0
1811,2006-11-15 10:00,95634.0,23682.0,473.34,0.0
1812,2006-11-15 11:00,94711.0,23680.0,461.13,0.0
1813,2006-11-15 12:00,94225.0,23567.0,458.5,0.0
1814,2006-11-15 13:00,94716.0,23579.0,495.74,0.0
1815,2006-11-15 14:00,94841.0,23521.0,513.42,0.0
1816,2006-11-15 15:00,95629.0,23712.0,514.06,250.54
1817,2006-11-15 16:00,97680.0,24075.0,515.28,256.18
1818,2006-11-15 17:00,99424.0,24605.0,537.22,25.65
1819,2006-11-15 18:00,99105.0,24966.0,552.04,182.12
1820,2006-11-15 19:00,97575.0,24819.0,538.88,230.13
1821,2006-11-15 20:00,95467.0,24465.0,529.02,22.06
1822,2006-11-15 21:00,91999.0,24031.0,503.74,245.18
1823,2006-11-15 22:00,87430.0,23451.0,474.5,0.0
1824,2006-11-15 23:00,83817.0,22801.0,401.58,0.0
1825,2006-11-16 00:00,82077.0,22186.0,392.51,0.0
1826,2006-11-16 01:00,81359.0,21745.0,358.47,0.0
1827,2006-11-16 02:00,80463.0,21486.0,338.96,0.0
1828,2006-11-16 03:00,80389.0,21481.0,329.68,0.0
1829,2006-11-16 04:00,81044.0,21360.0,336.27,0.0
1830,2006-11-16 05:00,83008.0,21622.0,378.03,0.0
1831,2006-11-16 06:00,86868.0,22199.0,448.93,0.0
1832,2006-11-16 07:00,91334.0,22866.0,463.64,0.0
1833,2006-11-16 08:00,94251.0,23512.0,487.83,0.0
1834,2006-11-16 09:00,96002.0,23761.0,496.77,0.0
1835,2006-11-16 10:00,96017.0,23830.0,490.04,0.0
1836,2006-11-16 11:00,95201.0,23800.0,479.38,0.0
1837,2006-11-16 12:00,94698.0,23643.0,479.99,0.0
1838,2006-11-16 13:00,95279.0,23556.0,509.38,0.0
1839,2006-11-16 14:00,95495.0,23570.0,542.47,0.0
1840,2006-11-16 15:00,96286.0,23737.0,562.06,250.34
1841,2006-11-16 16:00,98392.0,24047.0,539.39,258.54
1842,2006-11-16 17:00,99467.0,24761.0,543.66,298.13
1843,2006-11-16 18:00,99112.0,25128.0,551.5,299.17
1844,2006-11-16 19:00,97704.0,24932.0,530.82,296.75
1845,2006-11-16 20:00,95945.0,24570.0,519.78,296.83
1846,2006-11-16 21:00,92640.0,24169.0,512.4,252.19
1847,2006-11-16 22:00,87864.0,23556.0,505.85,248.17
1848,2006-11-16 23:00,84423.0,22844.0,436.64,0.0
1849,2006-11-17 00:00,82368.0,22117.0,389.9,0.0
1850,2006-11-17 01:00,81317.0,21679.0,354.15,0.0
1851,2006-11-17 02:00,80564.0,21453.0,144.05,0.0
1852,2006-11-17 03:00,80765.0,21418.0,145.47,0.0
1853,2006-11-17 04:00,80867.0,21449.0,151.85,0.0
1854,2006-11-17 05:00,83044.0,21714.0,363.08,0.0
1855,2006-11-17 06:00,87693.0,22359.0,426.4,0.01
1856,2006-11-17 07:00,91168.0,23023.0,444.91,33.84
1857,2006-11-17 08:00,94415.0,23641.0,452.98,32.66
1858,2006-11-17 09:00,95832.0,23938.0,469.35,32.49
1859,2006-11-17 10:00,95938.0,23971.0,498.67,32.13
1860,2006-11-17 11:00,94963.0,23947.0,496.82,172.02
1861,2006-11-17 12:00,94513.0,23801.0,495.63,172.8
1862,2006-11-17 13:00,94929.0,23693.0,494.09,174.13
1863,2006-11-17 14:00,95036.0,23649.0,495.56,177.32
1864,2006-11-17 15:00,95653.0,23756.0,467.58,260.49
1865,2006-11-17 16:00,97490.0,24149.0,468.92,267.15
1866,2006-11-17 17:00,98899.0,24763.0,478.22,216.52
1867,2006-11-17 18:00,98603.0,25128.0,492.81,33.8
1868,2006-11-17 19:00,97068.0,24942.0,504.67,32.17
1869,2006-11-17 20:00,95159.0,24611.0,489.92,33.66
1870,2006-11-17 21:00,91855.0,24206.0,461.95,258.95
1871,2006-11-17 22:00,88035.0,23599.0,447.89,256.79
1872,2006-11-17 23:00,84633.0,22948.0,413.85,254.16
1873,2006-11-18 00:00,81640.0,22184.0,399.59,35.23
1874,2006-11-18 01:00,80824.0,21725.0,373.87,35.55
1875,2006-11-18 02:00,80101.0,21368.0,357.76,35.8
1876,2006-11-18 03:00,79856.0,21314.0,287.09,35.9
1877,2006-11-18 04:00,79857.0,21242.0,264.54,35.9
1878,2006-11-18 05:00,80238.0,21373.0,228.21,36.31
1879,2006-11-18 06:00,81538.0,21699.0,265.13,36.37
1880,2006-11-18 07:00,83554.0,22130.0,368.81,35.72
1881,2006-11-18 08:00,85548.0,22542.0,395.15,35.01
1882,2006-11-18 09:00,87132.0,22971.0,384.15,34.53
1883,2006-11-18 10:00,87785.0,23200.0,397.67,34.49
1884,2006-11-18 11:00,87930.0,23286.0,397.57,34.33
1885,2006-11-18 12:00,87563.0,23144.0,395.5,34.37
1886,2006-11-18 13:00,87534.0,23136.0,395.55,34.74
1887,2006-11-18 14:00,87718.0,23105.0,396.48,34.73
1888,2006-11-18 15:00,88672.0,23268.0,395.84,34.78
1889,2006-11-18 16:00,93571.0,23755.0,469.9,34.46
1890,2006-11-18 17:00,94644.0,24264.0,478.62,36.44
1891,2006-11-18 18:00,94704.0,24687.0,473.96,31.3
1892,2006-11-18 19:00,93488.0,24474.0,466.61,35.98
1893,2006-11-18 20:00,91888.0,24203.0,451.52,35.96
1894,2006-11-18 21:00,89314.0,23832.0,414.5,36.48
1895,2006-11-18 22:00,85739.0,23414.0,421.99,34.68
1896,2006-11-18 23:00,82045.0,22888.0,366.26,34.6
1897,2006-11-19 00:00,80842.0,22385.0,278.51,34.99
1898,2006-11-19 01:00,80025.0,21994.0,92.02,0.0
1899,2006-11-19 02:00,79484.0,21718.0,103.88,0.0
1900,2006-11-19 03:00,79269.0,21597.0,103.53,0.0
1901,2006-11-19 04:00,79487.0,21568.0,103.71,0.0
1902,2006-11-19 05:00,80243.0,21699.0,103.01,37.98
1903,2006-11-19 06:00,80969.0,21975.0,101.74,38.03
1904,2006-11-19 07:00,81917.0,22310.0,121.31,37.41
1905,2006-11-19 08:00,83583.0,22659.0,119.18,36.92
1906,2006-11-19 09:00,84385.0,23091.0,96.11,36.48
1907,2006-11-19 10:00,85042.0,23292.0,37.53,36.32
1908,2006-11-19 11:00,85250.0,23349.0,287.93,36.65
1909,2006-11-19 12:00,85111.0,23205.0,275.51,36.73
1910,2006-11-19 13:00,85265.0,23202.0,286.7,36.26
1911,2006-11-19 14:00,85854.0,23211.0,293.03,36.29
1912,2006-11-19 15:00,87781.0,23346.0,377.5,36.29
1913,2006-11-19 16:00,92483.0,23831.0,429.75,36.11
1914,2006-11-19 17:00,94028.0,24461.0,435.74,38.18
1915,2006-11-19 18:00,94702.0,24864.0,443.14,37.92
1916,2006-11-19 19:00,93305.0,24706.0,437.0,35.78
1917,2006-11-19 20:00,91617.0,24446.0,410.07,35.93
1918,2006-11-19 21:00,88941.0,24140.0,365.03,36.12
1919,2006-11-19 22:00,85233.0,23604.0,407.55,34.61
1920,2006-11-19 23:00,82742.0,22844.0,302.66,35.0
1921,2006-11-20 00:00,81835.0,22762.0,354.09,33.47
1922,2006-11-20 01:00,80360.0,22368.0,40.08,27.08
1923,2006-11-20 02:00,79593.0,22105.0,41.45,26.89
1924,2006-11-20 03:00,79721.0,22032.0,134.38,34.2
1925,2006-11-20 04:00,80471.0,22086.0,127.81,34.56
1926,2006-11-20 05:00,83355.0,22446.0,347.31,248.11
1927,2006-11-20 06:00,88382.0,23024.0,436.08,35.34
1928,2006-11-20 07:00,91286.0,23676.0,445.58,34.43
1929,2006-11-20 08:00,94901.0,24356.0,460.06,33.94
1930,2006-11-20 09:00,96449.0,24729.0,475.39,33.49
1931,2006-11-20 10:00,96633.0,24810.0,512.24,33.17
1932,2006-11-20 11:00,95788.0,24665.0,506.16,33.2
1933,2006-11-20 12:00,95319.0,24505.0,489.47,25.48
1934,2006-11-20 13:00,95751.0,24398.0,494.54,33.36
1935,2006-11-20 14:00,96079.0,24418.0,513.17,33.58
1936,2006-11-20 15:00,97006.0,24458.0,549.24,256.15
1937,2006-11-20 16:00,99122.0,24853.0,515.93,263.52
1938,2006-11-20 17:00,100262.0,25524.0,516.89,33.85
1939,2006-11-20 18:00,99924.0,25943.0,497.03,35.63
1940,2006-11-20 19:00,98386.0,25762.0,550.87,33.33
1941,2006-11-20 20:00,96208.0,25420.0,513.96,33.92
1942,2006-11-20 21:00,93167.0,25072.0,483.47,257.16
1943,2006-11-20 22:00,88465.0,24494.0,457.94,254.3
1944,2006-11-20 23:00,84719.0,23684.0,407.05,254.8
1945,2006-11-21 00:00,83953.0,23200.0,393.5,253.14
1946,2006-11-21 01:00,82254.0,22766.0,337.17,247.74
1947,2006-11-21 02:00,81583.0,22536.0,334.69,244.33
1948,2006-11-21 03:00,81814.0,22512.0,332.22,251.26
1949,2006-11-21 04:00,82542.0,22570.0,336.14,263.66
1950,2006-11-21 05:00,85080.0,22905.0,377.86,263.44
1951,2006-11-21 06:00,88670.0,23578.0,435.01,263.89
1952,2006-11-21 07:00,93031.0,24228.0,496.17,260.12
1953,2006-11-21 08:00,96169.0,24868.0,498.49,33.5
1954,2006-11-21 09:00,97381.0,25174.0,516.8,33.21
1955,2006-11-21 10:00,97269.0,25097.0,502.11,217.77
1956,2006-11-21 11:00,96501.0,25042.0,512.88,251.68
1957,2006-11-21 12:00,95841.0,24833.0,500.3,245.28
1958,2006-11-21 13:00,96127.0,24734.0,516.63,216.57
1959,2006-11-21 14:00,96522.0,24759.0,557.94,254.46
1960,2006-11-21 15:00,97578.0,24912.0,553.66,256.76
1961,2006-11-21 16:00,99773.0,25254.0,566.01,258.1
1962,2006-11-21 17:00,100756.0,25831.0,560.79,37.8
1963,2006-11-21 18:00,100412.0,26204.0,588.78,56.35
1964,2006-11-21 19:00,98754.0,25917.0,674.93,36.77
1965,2006-11-21 20:00,96542.0,25523.0,566.55,37.45
1966,2006-11-21 21:00,93296.0,25176.0,512.82,260.74
1967,2006-11-21 22:00,88844.0,24614.0,466.26,256.68
1968,2006-11-21 23:00,85278.0,23804.0,411.33,258.6
1969,2006-11-22 00:00,84067.0,22713.0,389.32,0.0
1970,2006-11-22 01:00,82445.0,22243.0,356.3,0.0
1971,2006-11-22 02:00,81684.0,22040.0,350.13,0.0
1972,2006-11-22 03:00,81803.0,22000.0,346.77,0.0
1973,2006-11-22 04:00,82997.0,22010.0,359.59,0.0
1974,2006-11-22 05:00,85667.0,22332.0,433.18,0.0
1975,2006-11-22 06:00,90351.0,22958.0,552.64,0.0
1976,2006-11-22 07:00,93248.0,23707.0,548.55,0.0
1977,2006-11-22 08:00,96300.0,24463.0,578.46,0.0
1978,2006-11-22 09:00,97753.0,24801.0,588.52,0.0
1979,2006-11-22 10:00,97847.0,24831.0,594.61,0.0
1980,2006-11-22 11:00,97063.0,24869.0,575.76,0.0
1981,2006-11-22 12:00,96527.0,24715.0,558.84,0.0
1982,2006-11-22 13:00,97231.0,24665.0,583.51,0.0
1983,2006-11-22 14:00,97471.0,24658.0,594.13,0.0
1984,2006-11-22 15:00,98366.0,24766.0,614.86,0.0
1985,2006-11-22 16:00,100553.0,25072.0,720.89,256.37
1986,2006-11-22 17:00,101477.0,25531.0,919.12,26.81
1987,2006-11-22 18:00,101082.0,25819.0,823.71,26.71
1988,2006-11-22 19:00,99501.0,25595.0,892.06,24.27
1989,2006-11-22 20:00,97403.0,25258.0,752.54,26.66
1990,2006-11-22 21:00,94259.0,24858.0,582.11,252.66
1991,2006-11-22 22:00,89660.0,24278.0,517.82,0.02
1992,2006-11-22 23:00,85920.0,23544.0,419.55,0.0
1993,2006-11-23 00:00,84277.0,23344.0,393.03,241.54
1994,2006-11-23 01:00,82363.0,22721.0,336.48,0.0
1995,2006-11-23 02:00,81495.0,22535.0,332.07,0.0
1996,2006-11-23 03:00,81789.0,22485.0,339.16,0.0
1997,2006-11-23 04:00,82183.0,22704.0,349.1,254.87
1998,2006-11-23 05:00,84528.0,22985.0,382.11,260.96
1999,2006-11-23 06:00,89493.0,23686.0,496.48,257.78
2000,2006-11-23 07:00,92939.0,24370.0,593.38,265.95
2001,2006-11-23 08:00,96198.0,25038.0,589.6,257.83
2002,2006-11-23 09:00,97868.0,25369.0,611.14,258.39
2003,2006-11-23 10:00,97938.0,25372.0,603.62,257.58
2004,2006-11-23 11:00,97228.0,25339.0,603.76,256.07
2005,2006-11-23 12:00,96659.0,25186.0,589.73,258.17
2006,2006-11-23 13:00,97165.0,25113.0,608.14,258.84
2007,2006-11-23 14:00,97644.0,25135.0,716.27,266.12
2008,2006-11-23 15:00,98555.0,25226.0,737.87,303.7
2009,2006-11-23 16:00,100638.0,25642.0,938.19,348.85
2010,2006-11-23 17:00,101789.0,26115.0,947.47,348.48
2011,2006-11-23 18:00,101110.0,26428.0,870.1,340.77
2012,2006-11-23 19:00,99586.0,26205.0,676.63,340.67
2013,2006-11-23 20:00,97435.0,25885.0,701.44,340.81
2014,2006-11-23 21:00,94097.0,25505.0,570.02,334.35
2015,2006-11-23 22:00,89467.0,25023.0,491.28,298.47
2016,2006-11-23 23:00,86078.0,24224.0,443.43,255.23
2017,2006-11-24 00:00,84023.0,23635.0,402.1,0.0
2018,2006-11-24 01:00,82026.0,23007.0,298.9,0.0
2019,2006-11-24 02:00,81286.0,22784.0,313.01,0.0
2020,2006-11-24 03:00,81390.0,22718.0,179.72,0.0
2021,2006-11-24 04:00,81685.0,22945.0,327.13,0.0
2022,2006-11-24 05:00,84407.0,23174.0,395.7,0.0
2023,2006-11-24 06:00,88109.0,23944.0,471.31,11.81
2024,2006-11-24 07:00,92484.0,24647.0,560.35,11.53
2025,2006-11-24 08:00,95784.0,25226.0,547.96,8.71
2026,2006-11-24 09:00,97289.0,25508.0,496.53,11.34
2027,2006-11-24 10:00,97285.0,25520.0,527.5,11.16
2028,2006-11-24 11:00,96649.0,25401.0,527.27,0.0
2029,2006-11-24 12:00,95885.0,25280.0,497.82,0.0
2030,2006-11-24 13:00,96239.0,25206.0,535.96,0.0
2031,2006-11-24 14:00,96628.0,25290.0,546.92,11.15
2032,2006-11-24 15:00,97531.0,25409.0,552.89,11.37
2033,2006-11-24 16:00,99475.0,25735.0,550.86,257.98
2034,2006-11-24 17:00,100740.0,26204.0,582.08,24.04
2035,2006-11-24 18:00,100573.0,26566.0,583.37,23.83
2036,2006-11-24 19:00,99056.0,26339.0,610.64,23.55
2037,2006-11-24 20:00,96805.0,25954.0,575.67,23.48
2038,2006-11-24 21:00,93656.0,25524.0,574.88,251.05
2039,2006-11-24 22:00,89058.0,24919.0,505.64,245.91
2040,2006-11-24 23:00,85757.0,24161.0,435.16,0.0
2041,2006-11-25 00:00,83357.0,23584.0,416.7,0.0
2042,2006-11-25 01:00,81458.0,22852.0,383.16,0.0
2043,2006-11-25 02:00,80565.0,22600.0,372.0,0.0
2044,2006-11-25 03:00,80184.0,22520.0,161.29,0.0
2045,2006-11-25 04:00,80493.0,22758.0,208.91,0.0
2046,2006-11-25 05:00,81614.0,23015.0,214.81,0.0
2047,2006-11-25 06:00,82463.0,23489.0,397.21,0.0
2048,2006-11-25 07:00,84183.0,23939.0,432.93,0.0
2049,2006-11-25 08:00,86694.0,24400.0,455.07,0.0
2050,2006-11-25 09:00,88538.0,24814.0,478.82,8.83
2051,2006-11-25 10:00,88983.0,25004.0,470.81,0.0
2052,2006-11-25 11:00,88901.0,25009.0,465.52,0.0
2053,2006-11-25 12:00,88479.0,24987.0,463.84,0.0
2054,2006-11-25 13:00,88473.0,24961.0,471.14,0.0
2055,2006-11-25 14:00,88844.0,24972.0,495.84,248.29
2056,2006-11-25 15:00,90409.0,25115.0,487.24,250.21
2057,2006-11-25 16:00,93745.0,25567.0,598.78,251.56
2058,2006-11-25 17:00,95993.0,26169.0,659.63,252.26
2059,2006-11-25 18:00,95992.0,26539.0,679.65,252.46
2060,2006-11-25 19:00,94650.0,26333.0,614.26,250.9
2061,2006-11-25 20:00,92777.0,26045.0,499.39,250.97
2062,2006-11-25 21:00,89961.0,25696.0,479.53,246.61
2063,2006-11-25 22:00,86580.0,25135.0,481.94,243.83
2064,2006-11-25 23:00,83264.0,24409.0,412.37,242.53
2065,2006-11-26 00:00,82364.0,23824.0,404.81,0.0
2066,2006-11-26 01:00,80852.0,23117.0,366.19,0.0
2067,2006-11-26 02:00,79991.0,22843.0,360.79,0.0
2068,2006-11-26 03:00,79579.0,22760.0,182.51,0.0
2069,2006-11-26 04:00,79825.0,22978.0,152.58,0.01
2070,2006-11-26 05:00,80534.0,23290.0,145.9,238.92
2071,2006-11-26 06:00,80764.0,23727.0,159.39,113.08
2072,2006-11-26 07:00,81150.0,24031.0,107.31,9.03
2073,2006-11-26 08:00,82840.0,24428.0,327.7,10.96
2074,2006-11-26 09:00,84695.0,24849.0,143.35,252.41
2075,2006-11-26 10:00,85888.0,25094.0,390.39,246.74
2076,2006-11-26 11:00,86119.0,25124.0,390.8,243.34
2077,2006-11-26 12:00,86150.0,25126.0,389.67,243.84
2078,2006-11-26 13:00,86386.0,25075.0,392.2,247.23
2079,2006-11-26 14:00,87243.0,25129.0,396.76,10.49
2080,2006-11-26 15:00,89343.0,25376.0,408.91,11.49
2081,2006-11-26 16:00,92985.0,25861.0,462.07,252.92
2082,2006-11-26 17:00,95316.0,26564.0,479.44,253.08
2083,2006-11-26 18:00,95400.0,26891.0,481.63,251.96
2084,2006-11-26 19:00,94278.0,26677.0,473.57,250.0
2085,2006-11-26 20:00,92502.0,26361.0,463.4,248.48
2086,2006-11-26 21:00,89838.0,26005.0,446.53,248.18
2087,2006-11-26 22:00,85819.0,25477.0,453.98,249.1
2088,2006-11-26 23:00,83456.0,24759.0,399.0,0.0
2089,2006-11-27 00:00,83533.0,23890.0,406.55,0.0
2090,2006-11-27 01:00,81622.0,23170.0,346.99,0.0
2091,2006-11-27 02:00,80713.0,22965.0,308.25,0.0
2092,2006-11-27 03:00,80873.0,22905.0,137.51,0.0
2093,2006-11-27 04:00,81836.0,23240.0,134.04,0.0
2094,2006-11-27 05:00,84068.0,23703.0,260.18,0.0
2095,2006-11-27 06:00,88902.0,24363.0,438.57,0.0
2096,2006-11-27 07:00,92992.0,25105.0,502.94,32.63
2097,2006-11-27 08:00,96427.0,25819.0,513.76,264.38
2098,2006-11-27 09:00,98170.0,26134.0,586.87,259.14
2099,2006-11-27 10:00,98220.0,26296.0,577.05,256.47
2100,2006-11-27 11:00,97531.0,26241.0,543.05,255.87
2101,2006-11-27 12:00,97211.0,26095.0,548.32,252.34
2102,2006-11-27 13:00,97609.0,25959.0,580.11,261.47
2103,2006-11-27 14:00,97959.0,26002.0,588.17,263.86
2104,2006-11-27 15:00,98919.0,26108.0,616.07,272.44
2105,2006-11-27 16:00,101055.0,26542.0,700.39,312.0
2106,2006-11-27 17:00,102248.0,27126.0,785.27,315.06
2107,2006-11-27 18:00,101613.0,27446.0,627.61,294.89
2108,2006-11-27 19:00,99836.0,27134.0,585.51,321.35
2109,2006-11-27 20:00,97694.0,26758.0,621.22,302.37
2110,2006-11-27 21:00,94362.0,26380.0,562.76,309.62
2111,2006-11-27 22:00,89913.0,25797.0,484.27,261.51
2112,2006-11-27 23:00,86452.0,24946.0,407.57,253.96
2113,2006-11-28 00:00,84125.0,24100.0,411.88,252.74
2114,2006-11-28 01:00,82667.0,23600.0,379.95,252.51
2115,2006-11-28 02:00,81984.0,23357.0,349.44,252.89
2116,2006-11-28 03:00,81969.0,23105.0,212.25,0.0
2117,2006-11-28 04:00,82958.0,23171.0,366.2,0.0
2118,2006-11-28 05:00,84801.0,23938.0,398.77,275.27
2119,2006-11-28 06:00,89843.0,24507.0,575.95,274.4
2120,2006-11-28 07:00,93167.0,25562.0,620.4,274.05
2121,2006-11-28 08:00,96752.0,26317.0,863.92,270.13
2122,2006-11-28 09:00,98171.0,26586.0,762.08,269.27
2123,2006-11-28 10:00,97804.0,26617.0,864.27,267.32
2124,2006-11-28 11:00,96940.0,26595.0,910.34,269.07
2125,2006-11-28 12:00,96670.0,26313.0,750.32,274.76
2126,2006-11-28 13:00,96970.0,26169.0,712.1,279.12
2127,2006-11-28 14:00,97577.0,26187.0,541.61,264.31
2128,2006-11-28 15:00,98870.0,26293.0,578.79,325.77
2129,2006-11-28 16:00,100980.0,26758.0,621.53,336.42
2130,2006-11-28 17:00,101871.0,27411.0,609.96,337.39
2131,2006-11-28 18:00,101373.0,27698.0,609.0,334.86
2132,2006-11-28 19:00,99701.0,27403.0,596.83,333.02
2133,2006-11-28 20:00,97507.0,26959.0,530.76,324.11
2134,2006-11-28 21:00,94647.0,26635.0,520.8,321.42
2135,2006-11-28 22:00,89961.0,26054.0,565.92,315.3
2136,2006-11-28 23:00,86745.0,25185.0,467.04,266.69
2137,2006-11-29 00:00,83788.0,24396.0,358.86,258.21
2138,2006-11-29 01:00,82852.0,23616.0,177.81,0.0
2139,2006-11-29 02:00,82210.0,23436.0,201.33,254.99
2140,2006-11-29 03:00,82015.0,23318.0,200.22,259.46
2141,2006-11-29 04:00,82554.0,23485.0,202.1,268.23
2142,2006-11-29 05:00,85530.0,24166.0,339.51,277.43
2143,2006-11-29 06:00,90735.0,24682.0,475.64,273.31
2144,2006-11-29 07:00,93828.0,25747.0,551.65,275.74
2145,2006-11-29 08:00,97366.0,26476.0,586.2,329.37
2146,2006-11-29 09:00,98943.0,26769.0,603.11,331.33
2147,2006-11-29 10:00,98921.0,26817.0,603.1,330.79
2148,2006-11-29 11:00,98034.0,26808.0,582.19,335.0
2149,2006-11-29 12:00,97650.0,26568.0,565.17,338.86
2150,2006-11-29 13:00,98227.0,26484.0,579.75,338.78
2151,2006-11-29 14:00,98875.0,26490.0,637.89,339.37
2152,2006-11-29 15:00,99844.0,26603.0,604.86,339.3
2153,2006-11-29 16:00,101545.0,27083.0,587.86,341.32
2154,2006-11-29 17:00,102379.0,27523.0,632.28,335.72
2155,2006-11-29 18:00,101402.0,27803.0,592.07,343.89
2156,2006-11-29 19:00,99680.0,27574.0,567.38,342.24
2157,2006-11-29 20:00,97659.0,27169.0,576.31,341.02
2158,2006-11-29 21:00,94391.0,26780.0,528.26,339.08
2159,2006-11-29 22:00,89753.0,26242.0,436.76,327.11
2160,2006-11-29 23:00,86821.0,25407.0,424.71,268.29
2161,2006-11-30 00:00,84063.0,24480.0,378.03,263.3
2162,2006-11-30 01:00,83234.0,23813.0,383.66,264.99
2163,2006-11-30 02:00,82623.0,23518.0,371.49,260.46
2164,2006-11-30 03:00,82680.0,23405.0,377.62,262.21
2165,2006-11-30 04:00,83344.0,23782.0,378.38,267.62
2166,2006-11-30 05:00,85209.0,24199.0,397.93,279.21
2167,2006-11-30 06:00,89374.0,24759.0,436.43,279.15
2168,2006-11-30 07:00,94202.0,25738.0,596.45,274.51
2169,2006-11-30 08:00,97432.0,26400.0,608.38,324.46
2170,2006-11-30 09:00,98604.0,26825.0,611.63,330.19
2171,2006-11-30 10:00,98784.0,26795.0,637.44,337.8
2172,2006-11-30 11:00,97830.0,26648.0,594.72,333.87
2173,2006-11-30 12:00,97565.0,26374.0,591.53,332.12
2174,2006-11-30 13:00,97858.0,26321.0,601.02,332.68
2175,2006-11-30 14:00,98169.0,26349.0,716.36,336.6
2176,2006-11-30 15:00,99333.0,26497.0,639.85,337.24
2177,2006-11-30 16:00,101326.0,26901.0,599.93,341.06
2178,2006-11-30 17:00,102099.0,27465.0,602.07,343.42
2179,2006-11-30 18:00,101501.0,27729.0,590.19,345.48
2180,2006-11-30 19:00,99883.0,27536.0,597.05,344.08
2181,2006-11-30 20:00,97868.0,27176.0,533.54,342.93
2182,2006-11-30 21:00,94395.0,26759.0,500.05,335.8
2183,2006-11-30 22:00,90008.0,26208.0,452.72,322.16
2184,2006-11-30 23:00,86919.0,25403.0,414.48,315.47
2185,2006-12-01 00:00,84967.0,24646.0,301.3,258.58
2186,2006-12-01 01:00,84058.0,23877.0,413.54,0.0
2187,2006-12-01 02:00,83187.0,23665.0,375.05,0.0
2188,2006-12-01 03:00,83197.0,23572.0,366.8,0.0
2189,2006-12-01 04:00,84033.0,23955.0,432.59,262.55
2190,2006-12-01 05:00,85761.0,24316.0,388.29,277.08
2191,2006-12-01 06:00,89354.0,24943.0,551.34,276.6
2192,2006-12-01 07:00,94234.0,25765.0,609.53,283.06
2193,2006-12-01 08:00,97291.0,26377.0,615.7,323.08
2194,2006-12-01 09:00,98597.0,26722.0,533.52,322.4
2195,2006-12-01 10:00,98455.0,26744.0,640.2,324.4
2196,2006-12-01 11:00,97649.0,26616.0,646.76,325.09
2197,2006-12-01 12:00,96934.0,26328.0,593.32,329.17
2198,2006-12-01 13:00,97340.0,26184.0,651.7,325.89
2199,2006-12-01 14:00,97717.0,26287.0,639.32,329.41
2200,2006-12-01 15:00,98610.0,26392.0,621.31,326.78
2201,2006-12-01 16:00,100304.0,26831.0,622.45,330.12
2202,2006-12-01 17:00,101103.0,27384.0,670.42,334.04
2203,2006-12-01 18:00,100271.0,27611.0,626.12,340.09
2204,2006-12-01 19:00,98793.0,27406.0,620.93,332.57
2205,2006-12-01 20:00,96934.0,27023.0,563.37,330.46
2206,2006-12-01 21:00,93630.0,26611.0,505.57,336.81
2207,2006-12-01 22:00,89187.0,26034.0,474.98,319.1
2208,2006-12-01 23:00,86192.0,25253.0,415.5,313.46
2209,2006-12-02 00:00,84331.0,24542.0,438.08,241.6
2210,2006-12-02 01:00,83074.0,24077.0,365.26,243.75
2211,2006-12-02 02:00,82251.0,23824.0,298.13,242.65
2212,2006-12-02 03:00,81937.0,23707.0,297.86,241.38
2213,2006-12-02 04:00,82439.0,23712.0,303.75,242.77
2214,2006-12-02 05:00,82761.0,23900.0,298.61,248.03
2215,2006-12-02 06:00,83320.0,24236.0,294.45,257.3
2216,2006-12-02 07:00,85530.0,24670.0,410.62,255.58
2217,2006-12-02 08:00,87960.0,25171.0,413.46,254.76
2218,2006-12-02 09:00,89622.0,25577.0,408.87,251.15
2219,2006-12-02 10:00,90259.0,25721.0,447.06,247.95
2220,2006-12-02 11:00,89976.0,25759.0,446.94,247.18
2221,2006-12-02 12:00,89560.0,25603.0,421.95,247.84
2222,2006-12-02 13:00,89464.0,25499.0,431.69,248.43
2223,2006-12-02 14:00,90065.0,25498.0,444.87,250.74
2224,2006-12-02 15:00,91641.0,25678.0,501.35,252.78
2225,2006-12-02 16:00,94720.0,26112.0,565.36,260.05
2226,2006-12-02 17:00,96355.0,26725.0,618.52,255.26
2227,2006-12-02 18:00,96192.0,27102.0,599.21,271.12
2228,2006-12-02 19:00,94882.0,26854.0,581.25,252.64
2229,2006-12-02 20:00,93090.0,26511.0,530.3,251.57
2230,2006-12-02 21:00,90497.0,26253.0,467.52,250.72
2231,2006-12-02 22:00,87138.0,25727.0,456.06,249.24
2232,2006-12-02 23:00,85178.0,25030.0,341.48,244.91
2233,2006-12-03 00:00,82310.0,24555.0,397.22,244.81
2234,2006-12-03 01:00,81165.0,24032.0,300.92,247.16
2235,2006-12-03 02:00,80667.0,23763.0,308.71,245.57
2236,2006-12-03 03:00,80323.0,23605.0,312.72,252.58
2237,2006-12-03 04:00,80695.0,23626.0,314.77,244.62
2238,2006-12-03 05:00,81554.0,23816.0,325.1,249.91
2239,2006-12-03 06:00,80956.0,24064.0,276.1,255.04
2240,2006-12-03 07:00,81340.0,24434.0,296.07,256.42
2241,2006-12-03 08:00,83112.0,24788.0,199.95,256.42
2242,2006-12-03 09:00,84676.0,25156.0,320.03,258.43
2243,2006-12-03 10:00,86069.0,25341.0,407.24,245.9
2244,2006-12-03 11:00,85865.0,25363.0,398.49,246.95
2245,2006-12-03 12:00,86101.0,25279.0,400.59,247.4
2246,2006-12-03 13:00,86591.0,25158.0,403.76,248.09
2247,2006-12-03 14:00,87607.0,25127.0,413.56,251.13
2248,2006-12-03 15:00,89982.0,25336.0,455.59,253.88
2249,2006-12-03 16:00,93369.0,25773.0,526.11,256.13
2250,2006-12-03 17:00,95220.0,26435.0,510.91,254.74
2251,2006-12-03 18:00,95173.0,26833.0,530.42,253.29
2252,2006-12-03 19:00,94068.0,26576.0,518.21,252.84
2253,2006-12-03 20:00,92474.0,26280.0,464.3,250.95
2254,2006-12-03 21:00,89949.0,26016.0,430.15,248.25
2255,2006-12-03 22:00,85750.0,25496.0,418.76,248.43
2256,2006-12-03 23:00,84798.0,24881.0,412.51,246.08
2257,2006-12-04 00:00,83572.0,24324.0,380.35,245.73
2258,2006-12-04 01:00,82171.0,23850.0,320.94,251.71
2259,2006-12-04 02:00,81277.0,23657.0,161.4,252.67
2260,2006-12-04 03:00,81263.0,23570.0,173.58,258.44
2261,2006-12-04 04:00,82515.0,23597.0,207.95,252.82
2262,2006-12-04 05:00,83856.0,23929.0,199.04,257.83
2263,2006-12-04 06:00,88024.0,24586.0,353.1,226.01
2264,2006-12-04 07:00,92795.0,25447.0,440.2,270.55
2265,2006-12-04 08:00,96008.0,26043.0,464.44,276.37
2266,2006-12-04 09:00,97220.0,26369.0,425.79,291.67
2267,2006-12-04 10:00,97186.0,26716.0,511.58,303.09
2268,2006-12-04 11:00,96659.0,26637.0,568.99,303.9
2269,2006-12-04 12:00,96173.0,26406.0,512.69,301.06
2270,2006-12-04 13:00,96709.0,26346.0,565.34,308.02
2271,2006-12-04 14:00,96999.0,26367.0,465.77,315.22
2272,2006-12-04 15:00,98209.0,26500.0,508.39,315.94
2273,2006-12-04 16:00,100032.0,26865.0,493.07,339.95
2274,2006-12-04 17:00,100794.0,27412.0,466.27,340.89
2275,2006-12-04 18:00,100018.0,27648.0,502.59,341.65
2276,2006-12-04 19:00,98545.0,27366.0,484.54,337.36
2277,2006-12-04 20:00,96645.0,27028.0,511.96,336.31
2278,2006-12-04 21:00,93393.0,26693.0,489.93,316.14
2279,2006-12-04 22:00,89033.0,26118.0,439.59,276.12
2280,2006-12-04 23:00,85642.0,25348.0,326.6,265.19
2281,2006-12-05 00:00,84533.0,24650.0,374.2,238.27
2282,2006-12-05 01:00,83063.0,24161.0,168.86,239.35
2283,2006-12-05 02:00,82204.0,23971.0,171.79,239.37
2284,2006-12-05 03:00,82229.0,23758.0,210.78,246.63
2285,2006-12-05 04:00,83432.0,23669.0,252.93,268.32
2286,2006-12-05 05:00,84369.0,24008.0,339.62,272.31
2287,2006-12-05 06:00,87838.0,24644.0,406.7,272.28
2288,2006-12-05 07:00,92915.0,25423.0,462.02,277.45
2289,2006-12-05 08:00,95403.0,26144.0,441.95,288.78
2290,2006-12-05 09:00,96390.0,26461.0,428.44,280.42
2291,2006-12-05 10:00,96371.0,26745.0,428.61,279.42
2292,2006-12-05 11:00,95720.0,26646.0,444.52,278.13
2293,2006-12-05 12:00,95203.0,26426.0,444.57,275.28
2294,2006-12-05 13:00,95734.0,26335.0,481.37,278.12
2295,2006-12-05 14:00,96003.0,26331.0,449.44,277.58
2296,2006-12-05 15:00,97313.0,26506.0,438.12,315.01
2297,2006-12-05 16:00,99461.0,26851.0,459.21,318.52
2298,2006-12-05 17:00,100099.0,27359.0,456.81,326.89
2299,2006-12-05 18:00,99357.0,27534.0,453.38,321.72
2300,2006-12-05 19:00,97837.0,27331.0,444.62,303.39
2301,2006-12-05 20:00,95853.0,27050.0,455.22,309.54
2302,2006-12-05 21:00,92718.0,26706.0,442.65,321.36
2303,2006-12-05 22:00,88515.0,26125.0,441.11,272.72
2304,2006-12-05 23:00,85186.0,25356.0,337.79,264.57
2305,2006-12-06 00:00,83696.0,24664.0,376.66,233.25
2306,2006-12-06 01:00,82335.0,24160.0,278.17,233.99
2307,2006-12-06 02:00,81869.0,23929.0,153.21,235.5
2308,2006-12-06 03:00,82101.0,23720.0,365.24,235.57
2309,2006-12-06 04:00,82882.0,23614.0,382.75,241.3
2310,2006-12-06 05:00,85129.0,23985.0,407.75,244.48
2311,2006-12-06 06:00,88491.0,24563.0,422.59,242.56
2312,2006-12-06 07:00,93073.0,25264.0,479.3,245.1
2313,2006-12-06 08:00,95223.0,26060.0,452.72,276.93
2314,2006-12-06 09:00,96483.0,26418.0,440.21,284.9
2315,2006-12-06 10:00,96561.0,26422.0,445.15,288.2
2316,2006-12-06 11:00,95991.0,26327.0,459.0,282.38
2317,2006-12-06 12:00,95702.0,26113.0,475.94,281.98
2318,2006-12-06 13:00,96127.0,26011.0,505.07,278.97
2319,2006-12-06 14:00,97017.0,25964.0,509.92,275.22
2320,2006-12-06 15:00,97470.0,26138.0,456.85,306.48
2321,2006-12-06 16:00,99523.0,26553.0,505.28,341.48
2322,2006-12-06 17:00,99937.0,27124.0,490.04,346.33
2323,2006-12-06 18:00,99306.0,27392.0,503.12,344.66
2324,2006-12-06 19:00,98039.0,27212.0,491.37,345.8
2325,2006-12-06 20:00,95678.0,26790.0,491.67,340.63
2326,2006-12-06 21:00,92735.0,26476.0,457.31,341.76
2327,2006-12-06 22:00,88230.0,25845.0,429.32,274.42
2328,2006-12-06 23:00,85396.0,25104.0,404.17,238.13
2329,2006-12-07 00:00,84241.0,24323.0,392.6,268.4
2330,2006-12-07 01:00,82731.0,23796.0,304.78,275.11
2331,2006-12-07 02:00,81940.0,23595.0,361.52,275.72
2332,2006-12-07 03:00,81876.0,23563.0,356.29,273.8
2333,2006-12-07 04:00,83135.0,23657.0,381.35,277.19
2334,2006-12-07 05:00,85203.0,23933.0,390.16,278.11
2335,2006-12-07 06:00,87953.0,24629.0,410.83,277.8
2336,2006-12-07 07:00,92457.0,25419.0,427.14,275.0
2337,2006-12-07 08:00,94879.0,26091.0,443.48,290.19
2338,2006-12-07 09:00,96094.0,26428.0,424.61,309.93
2339,2006-12-07 10:00,96177.0,26497.0,441.32,296.92
2340,2006-12-07 11:00,95497.0,26487.0,454.2,308.36
2341,2006-12-07 12:00,95092.0,26293.0,451.13,306.72
2342,2006-12-07 13:00,95793.0,26159.0,483.08,307.75
2343,2006-12-07 14:00,96509.0,26203.0,458.5,304.79
2344,2006-12-07 15:00,97665.0,26352.0,458.45,296.37
2345,2006-12-07 16:00,99562.0,26816.0,475.68,341.67
2346,2006-12-07 17:00,99867.0,27355.0,473.49,346.72
2347,2006-12-07 18:00,99205.0,27600.0,476.98,347.46
2348,2006-12-07 19:00,97733.0,27384.0,458.03,345.91
2349,2006-12-07 20:00,95615.0,26965.0,473.49,344.22
2350,2006-12-07 21:00,92114.0,26644.0,442.06,342.86
2351,2006-12-07 22:00,87691.0,26016.0,419.89,306.85
2352,2006-12-07 23:00,84499.0,25206.0,293.75,268.1
2353,2006-12-08 00:00,83082.0,24293.0,297.31,266.49
2354,2006-12-08 01:00,81991.0,23792.0,264.67,269.12
2355,2006-12-08 02:00,81652.0,23610.0,151.17,268.61
2356,2006-12-08 03:00,81618.0,23373.0,312.14,265.74
2357,2006-12-08 04:00,82469.0,23429.0,381.73,269.51
2358,2006-12-08 05:00,84200.0,23720.0,364.97,275.03
2359,2006-12-08 06:00,87714.0,24427.0,407.69,276.29
2360,2006-12-08 07:00,92267.0,25171.0,424.14,276.96
2361,2006-12-08 08:00,94837.0,25750.0,443.36,280.38
2362,2006-12-08 09:00,95952.0,26001.0,426.29,304.81
2363,2006-12-08 10:00,95941.0,25983.0,440.74,290.31
2364,2006-12-08 11:00,95062.0,25972.0,450.73,287.32
2365,2006-12-08 12:00,94538.0,25775.0,446.21,289.0
2366,2006-12-08 13:00,95249.0,25654.0,460.26,294.56
2367,2006-12-08 14:00,95417.0,25734.0,437.72,330.61
2368,2006-12-08 15:00,96225.0,25896.0,422.36,342.64
2369,2006-12-08 16:00,98553.0,26315.0,451.22,343.4
2370,2006-12-08 17:00,99288.0,26883.0,459.42,349.51
2371,2006-12-08 18:00,98477.0,27108.0,459.97,350.21
2372,2006-12-08 19:00,97123.0,26921.0,452.28,348.01
2373,2006-12-08 20:00,95008.0,26601.0,466.63,342.27
2374,2006-12-08 21:00,91613.0,26184.0,449.09,328.4
2375,2006-12-08 22:00,87532.0,25614.0,423.86,281.93
2376,2006-12-08 23:00,84351.0,24799.0,355.01,270.09
2377,2006-12-09 00:00,82586.0,24163.0,447.2,261.13
2378,2006-12-09 01:00,81118.0,23675.0,410.58,259.25
2379,2006-12-09 02:00,80031.0,23446.0,379.3,260.32
2380,2006-12-09 03:00,80013.0,23111.0,371.91,266.81
2381,2006-12-09 04:00,80287.0,23102.0,378.19,266.97
2382,2006-12-09 05:00,80832.0,23266.0,361.58,269.96
2383,2006-12-09 06:00,82049.0,23659.0,352.17,268.16
2384,2006-12-09 07:00,83956.0,24064.0,397.73,270.59
2385,2006-12-09 08:00,85484.0,24500.0,402.42,275.27
2386,2006-12-09 09:00,86858.0,24878.0,385.33,272.48
2387,2006-12-09 10:00,87556.0,25071.0,406.84,269.0
2388,2006-12-09 11:00,87704.0,25017.0,408.41,271.09
2389,2006-12-09 12:00,87572.0,24892.0,402.97,273.48
2390,2006-12-09 13:00,87461.0,24817.0,402.66,273.83
2391,2006-12-09 14:00,88162.0,24806.0,402.98,274.12
2392,2006-12-09 15:00,89911.0,25003.0,405.05,276.38
2393,2006-12-09 16:00,93240.0,25516.0,454.11,274.73
2394,2006-12-09 17:00,94631.0,26110.0,466.9,225.52
2395,2006-12-09 18:00,94149.0,26301.0,460.24,224.48
2396,2006-12-09 19:00,92691.0,26110.0,452.87,222.89
2397,2006-12-09 20:00,91074.0,25896.0,512.99,252.57
2398,2006-12-09 21:00,88590.0,25573.0,511.48,271.89
2399,2006-12-09 22:00,85224.0,25030.0,426.83,270.53
2400,2006-12-09 23:00,81740.0,24389.0,331.88,268.16
2401,2006-12-10 00:00,81690.0,23974.0,353.64,15.56
2402,2006-12-10 01:00,79696.0,23480.0,265.98,15.61
2403,2006-12-10 02:00,78499.0,23214.0,266.74,15.57
2404,2006-12-10 03:00,78230.0,23119.0,153.14,15.29
2405,2006-12-10 04:00,78435.0,23138.0,196.4,15.66
2406,2006-12-10 05:00,78492.0,23293.0,196.74,15.69
2407,2006-12-10 06:00,78918.0,23587.0,160.34,15.62
2408,2006-12-10 07:00,79886.0,23822.0,158.9,15.55
2409,2006-12-10 08:00,81282.0,24206.0,153.09,275.22
2410,2006-12-10 09:00,82675.0,24613.0,148.14,278.24
2411,2006-12-10 10:00,83949.0,24893.0,146.33,278.74
2412,2006-12-10 11:00,84821.0,24892.0,285.81,272.74
2413,2006-12-10 12:00,84960.0,24817.0,299.31,275.71
2414,2006-12-10 13:00,85598.0,24745.0,383.52,276.72
2415,2006-12-10 14:00,86729.0,24865.0,385.72,249.53
2416,2006-12-10 15:00,89038.0,25021.0,393.4,278.53
2417,2006-12-10 16:00,92421.0,25584.0,460.74,278.08
2418,2006-12-10 17:00,93962.0,26241.0,458.79,273.95
2419,2006-12-10 18:00,93721.0,26570.0,453.2,272.54
2420,2006-12-10 19:00,92444.0,26342.0,454.99,269.53
2421,2006-12-10 20:00,90949.0,26058.0,446.55,270.74
2422,2006-12-10 21:00,88606.0,25804.0,447.81,272.67
2423,2006-12-10 22:00,84895.0,25204.0,414.97,265.19
2424,2006-12-10 23:00,82146.0,24550.0,399.62,154.63
2425,2006-12-11 00:00,81277.0,23951.0,244.89,0.0
2426,2006-12-11 01:00,80443.0,23502.0,137.4,0.0
2427,2006-12-11 02:00,79582.0,23274.0,147.18,0.0
2428,2006-12-11 03:00,79610.0,23257.0,149.87,0.0
2429,2006-12-11 04:00,80900.0,23383.0,183.9,0.0
2430,2006-12-11 05:00,82755.0,23697.0,189.2,0.0
2431,2006-12-11 06:00,86906.0,24312.0,376.72,0.0
2432,2006-12-11 07:00,92286.0,25046.0,404.76,0.0
2433,2006-12-11 08:00,95433.0,25817.0,445.43,268.36
2434,2006-12-11 09:00,96470.0,26153.0,436.59,270.03
2435,2006-12-11 10:00,96434.0,26070.0,436.35,271.42
2436,2006-12-11 11:00,95928.0,25910.0,449.85,271.5
2437,2006-12-11 12:00,95493.0,25682.0,446.39,273.18
2438,2006-12-11 13:00,96248.0,25609.0,471.55,273.65
2439,2006-12-11 14:00,96760.0,25637.0,442.85,274.55
2440,2006-12-11 15:00,97961.0,25836.0,450.18,279.85
2441,2006-12-11 16:00,99784.0,26352.0,472.18,293.76
2442,2006-12-11 17:00,100166.0,26834.0,468.19,283.57
2443,2006-12-11 18:00,99215.0,27015.0,460.41,284.15
2444,2006-12-11 19:00,97592.0,26712.0,453.41,284.03
2445,2006-12-11 20:00,95422.0,26415.0,465.1,292.85
2446,2006-12-11 21:00,92031.0,26053.0,447.26,280.96
2447,2006-12-11 22:00,87677.0,25404.0,432.08,273.36
2448,2006-12-11 23:00,84277.0,24583.0,320.35,0.0
2449,2006-12-12 00:00,82111.0,24344.0,271.67,0.0
2450,2006-12-12 01:00,81145.0,23809.0,257.55,0.0
2451,2006-12-12 02:00,80414.0,23579.0,260.57,0.0
2452,2006-12-12 03:00,80638.0,23532.0,270.44,0.0
2453,2006-12-12 04:00,81792.0,23625.0,362.04,0.0
2454,2006-12-12 05:00,83313.0,23916.0,327.39,0.0
2455,2006-12-12 06:00,87202.0,24540.0,392.59,0.0
2456,2006-12-12 07:00,92297.0,25338.0,418.63,273.69
2457,2006-12-12 08:00,95276.0,25955.0,442.48,279.86
2458,2006-12-12 09:00,96456.0,26264.0,438.8,272.86
2459,2006-12-12 10:00,96366.0,26155.0,433.7,253.44
2460,2006-12-12 11:00,95531.0,25964.0,441.16,250.62
2461,2006-12-12 12:00,95130.0,25805.0,435.78,252.89
2462,2006-12-12 13:00,95868.0,25721.0,449.79,259.66
2463,2006-12-12 14:00,96580.0,25788.0,436.2,254.5
2464,2006-12-12 15:00,97743.0,25962.0,442.74,274.77
2465,2006-12-12 16:00,99487.0,26413.0,468.14,279.71
2466,2006-12-12 17:00,99948.0,26875.0,464.74,287.3
2467,2006-12-12 18:00,99270.0,27079.0,454.31,284.81
2468,2006-12-12 19:00,97834.0,26832.0,444.45,286.71
2469,2006-12-12 20:00,95550.0,26541.0,445.2,288.49
2470,2006-12-12 21:00,92109.0,26227.0,434.29,274.17
2471,2006-12-12 22:00,87811.0,25635.0,420.92,269.47
2472,2006-12-12 23:00,84172.0,24865.0,365.12,267.42
2473,2006-12-13 00:00,82200.0,24068.0,199.77,0.0
2474,2006-12-13 01:00,81502.0,23644.0,267.85,0.0
2475,2006-12-13 02:00,80739.0,23384.0,225.29,0.0
2476,2006-12-13 03:00,80881.0,23196.0,153.56,0.0
2477,2006-12-13 04:00,81581.0,23273.0,168.43,0.0
2478,2006-12-13 05:00,83727.0,23501.0,168.85,0.0
2479,2006-12-13 06:00,87578.0,24156.0,355.91,0.0
2480,2006-12-13 07:00,92808.0,24833.0,402.81,0.0
2481,2006-12-13 08:00,96045.0,25542.0,459.14,270.52
2482,2006-12-13 09:00,97072.0,25889.0,451.83,270.23
2483,2006-12-13 10:00,96931.0,25840.0,446.76,270.38
2484,2006-12-13 11:00,96180.0,25750.0,437.91,270.08
2485,2006-12-13 12:00,95914.0,25596.0,425.4,270.09
2486,2006-12-13 13:00,96554.0,25571.0,451.66,270.13
2487,2006-12-13 14:00,97320.0,25568.0,441.89,270.62
2488,2006-12-13 15:00,98314.0,25773.0,450.96,273.8
2489,2006-12-13 16:00,100244.0,26218.0,478.15,276.37
2490,2006-12-13 17:00,100743.0,26771.0,476.41,281.57
2491,2006-12-13 18:00,99856.0,26960.0,463.63,280.22
2492,2006-12-13 19:00,98141.0,26735.0,453.27,281.1
2493,2006-12-13 20:00,96064.0,26376.0,455.18,293.99
2494,2006-12-13 21:00,92590.0,26072.0,429.2,273.03
2495,2006-12-13 22:00,87887.0,25509.0,402.85,269.96
2496,2006-12-13 23:00,84517.0,24719.0,288.23,265.87
2497,2006-12-14 00:00,82891.0,24058.0,212.7,0.0
2498,2006-12-14 01:00,81527.0,23579.0,202.13,0.0
2499,2006-12-14 02:00,80733.0,23341.0,197.74,0.0
2500,2006-12-14 03:00,80921.0,23244.0,195.55,0.0
2501,2006-12-14 04:00,81469.0,23296.0,209.43,0.0
2502,2006-12-14 05:00,83621.0,23548.0,153.65,0.0
2503,2006-12-14 06:00,87818.0,24148.0,362.77,0.0
2504,2006-12-14 07:00,93008.0,24884.0,395.09,265.81
2505,2006-12-14 08:00,96161.0,25626.0,432.1,268.35
2506,2006-12-14 09:00,97189.0,26027.0,425.99,267.86
